player_id,completions,attempts,passing_yards,passing_tds,interceptions,sacks,sack_yards,passing_air_yards,passing_yards_after_catch,passing_first_downs,passing_epa,carries,rushing_yards,rushing_tds,rushing_first_downs,rushing_epa,receptions,targets,receiving_yards,receiving_tds,receiving_air_yards,receiving_yards_after_catch,receiving_first_downs,receiving_epa,player_name,recent_team,games,season,fantasy_points,fantasy_points_ppr,target_share,air_yards_share
00-0039266,0.0,0.0,0.0,0.0,0.0,0.0,0.0,0.0,0.0,0.0,0.0,2.0,2.0,0.0,0.0,0.858441,0.0,0.0,0.0,0.0,0.0,0.0,0.0,0.0,K.Milton,CIN,1.0,2025,0.2,0.2,0.0,0.0
00-0037013,6.0,11.0,32.0,0.0,0.0,0.0,0.0,61.0,23.0,3.0,-6.6213446,3.0,1.0,0.0,0.0,-0.2385015,0.0,0.0,0.0,0.0,0.0,0.0,0.0,0.0,Z.Wilson,MIA,3.0,2025,1.38,1.38,0.0,0.0
00-0040782,0.0,0.0,0.0,0.0,0.0,0.0,0.0,0.0,0.0,0.0,0.0,5.0,29.0,0.0,1.0,0.8791718,18.0,44.0,317.0,0.0,751.0,58.0,11.0,-0.8045052,I.Bond,CLE,14.0,2025,34.600002,52.600002,0.08349146110056926,0.2078605
00-0035876,0.0,0.0,0.0,0.0,0.0,0.0,0.0,0.0,0.0,0.0,0.0,0.0,0.0,0.0,0.0,0.0,2.0,4.0,8.0,0.0,7.0,7.0,0.0,-1.8098247,A.Baccellia,ARI,2.0,2025,0.8,2.8,0.00641025641025641,0.0015593673
00-0036894,0.0,0.0,0.0,0.0,0.0,0.0,0.0,0.0,0.0,0.0,0.0,0.0,0.0,0.0,0.0,0.0,42.0,57.0,504.0,4.0,388.0,257.0,22.0,18.507404,P.Freiermuth,PIT,16.0,2025,74.4,116.4,0.0979381443298969,0.10514905
00-0038839,0.0,0.0,0.0,0.0,0.0,0.0,0.0,0.0,0.0,0.0,0.0,0.0,0.0,0.0,0.0,0.0,8.0,24.0,116.0,2.0,354.0,16.0,6.0,2.6283967,M.Tinsley,CIN,8.0,2025,23.6,31.6,0.03927986906710311,0.07754655
00-0038559,0.0,0.0,0.0,0.0,0.0,0.0,0.0,0.0,0.0,0.0,0.0,0.0,0.0,0.0,0.0,0.0,78.0,127.0,1006.0,7.0,1502.0,273.0,51.0,25.75218,Mi.Wilson,ARI,17.0,2025,142.6,220.6,0.20352564102564102,0.33459568
00-0033400,1.0,1.0,28.0,0.0,0.0,0.0,0.0,19.0,9.0,1.0,4.4010515,0.0,0.0,0.0,0.0,0.0,0.0,0.0,0.0,0.0,0.0,0.0,0.0,0.0,M.Haack,ARI,1.0,2025,1.12,1.12,0.0,0.0
00-0040668,120.0,235.0,1400.0,7.0,10.0,23.0,164.0,1525.0,809.0,54.0,-70.23396,21.0,169.0,1.0,7.0,9.783345,0.0,0.0,0.0,0.0,0.0,0.0,0.0,0.0,S.Sanders,CLE,8.0,2025,96.9,96.9,0.0,0.0
00-0036534,0.0,0.0,0.0,0.0,0.0,0.0,0.0,0.0,0.0,0.0,0.0,0.0,0.0,0.0,0.0,0.0,3.0,5.0,20.0,0.0,37.0,2.0,1.0,-1.836117,S.Zylstra,DET,1.0,2025,2.0,5.0,0.00909090909090909,0.010073509
00-0037664,0.0,0.0,0.0,0.0,0.0,0.0,0.0,0.0,0.0,0.0,0.0,0.0,0.0,0.0,0.0,0.0,47.0,84.0,1003.0,6.0,1593.0,174.0,41.0,55.779114,A.Pierce,IND,15.0,2025,136.3,183.3,0.16153846153846155,0.3965646
00-0033288,0.0,0.0,0.0,0.0,0.0,0.0,0.0,0.0,0.0,0.0,0.0,1.0,-3.0,0.0,0.0,-0.98971254,58.0,71.0,634.0,7.0,476.0,254.0,38.0,45.848465,G.Kittle,SF,12.0,2025,105.100006,163.1,0.11774461028192372,0.106013365
00-0040236,0.0,0.0,0.0,0.0,0.0,0.0,0.0,0.0,0.0,0.0,0.0,190.0,846.0,5.0,46.0,-4.0949388,23.0,37.0,222.0,0.0,6.0,224.0,10.0,-3.1469386,K.Monangai,CHI,18.0,2025,136.8,159.8,0.0592,0.0010980966
00-0038117,0.0,0.0,0.0,0.0,0.0,0.0,0.0,0.0,0.0,0.0,0.0,3.0,5.0,0.0,1.0,1.9220479,92.0,141.0,1014.0,4.0,1187.0,386.0,39.0,19.462543,W.Robinson,NYG,16.0,2025,125.9,217.9,0.27647058823529413,0.2796231
00-0036630,0.0,0.0,0.0,0.0,0.0,0.0,0.0,0.0,0.0,0.0,0.0,0.0,0.0,0.0,0.0,0.0,4.0,8.0,45.0,1.0,107.0,17.0,3.0,1.511378,T.Wallace,BAL,6.0,2025,10.5,14.5,0.019656019656019656,0.03173191
00-0033869,25.0,37.0,313.0,4.0,0.0,0.0,0.0,255.0,136.0,19.0,25.734476,9.0,6.0,0.0,0.0,-6.7958846,0.0,0.0,0.0,0.0,0.0,0.0,0.0,0.0,M.Trubisky,BUF,3.0,2025,29.12,29.12,0.0,0.0
00-0033955,0.0,0.0,0.0,0.0,0.0,0.0,0.0,0.0,0.0,0.0,0.0,44.0,221.0,1.0,13.0,1.4424214,25.0,32.0,196.0,0.0,-23.0,222.0,10.0,-1.1455518,J.McNichols,WAS,15.0,2025,47.7,72.7,0.0735632183908046,-0.0061333333
00-0039305,0.0,0.0,0.0,0.0,0.0,0.0,0.0,0.0,0.0,0.0,0.0,0.0,0.0,0.0,0.0,0.0,2.0,3.0,8.0,0.0,8.0,2.0,1.0,0.1701374,J.Westover,NE,3.0,2025,0.8,2.8,0.005025125628140704,0.0014316392
00-0040669,0.0,0.0,0.0,0.0,0.0,0.0,0.0,0.0,0.0,0.0,0.0,0.0,0.0,0.0,0.0,0.0,16.0,27.0,239.0,6.0,352.0,55.0,14.0,17.831133,I.TeSlaa,DET,14.0,2025,59.9,75.9,0.04909090909090909,0.09583447
00-0039373,0.0,0.0,0.0,0.0,0.0,0.0,0.0,0.0,0.0,0.0,0.0,46.0,198.0,1.0,12.0,4.688177,12.0,13.0,103.0,0.0,-2.0,108.0,3.0,3.7729433,A.Estime,NO,5.0,2025,36.100002,48.100002,0.027253668763102725,-0.0005401026
00-0039794,0.0,0.0,0.0,0.0,0.0,0.0,0.0,0.0,0.0,0.0,0.0,18.0,76.0,1.0,4.0,-8.699594,2.0,3.0,17.0,0.0,8.0,9.0,1.0,-0.2145265,B.Allen,NYJ,4.0,2025,15.3,17.3,0.006036217303822937,0.0022975302
00-0040730,0.0,1.0,0.0,0.0,0.0,0.0,0.0,2.0,0.0,0.0,-0.45860767,165.0,597.0,7.0,30.0,-26.642265,56.0,70.0,424.0,5.0,58.0,426.0,21.0,16.663939,R.Harvey,DEN,19.0,2025,174.1,230.1,0.10558069381598793,0.011705348
00-0037004,0.0,0.0,0.0,0.0,0.0,0.0,0.0,0.0,0.0,0.0,0.0,0.0,0.0,0.0,0.0,0.0,12.0,17.0,85.0,2.0,66.0,31.0,5.0,7.7687387,H.Long,JAX,7.0,2025,20.5,32.5,0.027070063694267517,0.011771001
00-0038618,0.0,0.0,0.0,0.0,0.0,0.0,0.0,0.0,0.0,0.0,0.0,3.0,22.0,0.0,2.0,1.7993542,41.0,74.0,493.0,3.0,740.0,164.0,22.0,-7.198208,X.Hutchinson,HOU,17.0,2025,69.5,110.5,0.11727416798732171,0.14063095
00-0039054,0.0,1.0,0.0,0.0,0.0,1.0,0.0,0.0,0.0,0.0,-2.4826915,0.0,0.0,0.0,0.0,0.0,0.0,0.0,0.0,0.0,0.0,0.0,0.0,0.0,M.Mapu,NE,1.0,2025,0.0,0.0,0.0,0.0
00-0039894,0.0,0.0,0.0,0.0,0.0,0.0,0.0,0.0,0.0,0.0,0.0,11.0,87.0,0.0,4.0,3.5847907,42.0,73.0,532.0,1.0,944.0,193.0,22.0,14.828012,X.Worthy,KC,14.0,2025,67.9,109.9,0.13200723327305605,0.21984164
00-0033943,0.0,0.0,0.0,0.0,0.0,0.0,0.0,0.0,0.0,0.0,0.0,0.0,0.0,0.0,0.0,0.0,11.0,22.0,101.0,0.0,276.0,14.0,4.0,-2.4222083,J.Reynolds,NYJ,5.0,2025,10.1,21.1,0.04426559356136821,0.07926479
00-0039754,0.0,0.0,0.0,0.0,0.0,0.0,0.0,0.0,0.0,0.0,0.0,0.0,0.0,0.0,0.0,0.0,1.0,1.0,6.0,1.0,6.0,0.0,1.0,1.7139679,D.Culp,TB,1.0,2025,6.6,7.6,0.001834862385321101,0.0013834448
00-0034721,0.0,1.0,0.0,0.0,0.0,0.0,0.0,15.0,0.0,0.0,-1.8045413,0.0,0.0,0.0,0.0,0.0,0.0,0.0,0.0,0.0,0.0,0.0,0.0,0.0,C.Bojorquez,CLE,1.0,2025,0.0,0.0,0.0,0.0
00-0037086,0.0,0.0,0.0,0.0,0.0,0.0,0.0,0.0,0.0,0.0,0.0,0.0,0.0,0.0,0.0,0.0,9.0,13.0,76.0,1.0,85.0,31.0,4.0,0.9738254,G.Calcaterra,PHI,8.0,2025,13.6,22.6,0.02620967741935484,0.018884692
00-0036410,0.0,0.0,0.0,0.0,0.0,0.0,0.0,0.0,0.0,0.0,0.0,0.0,0.0,0.0,0.0,0.0,59.0,99.0,846.0,11.0,1314.0,166.0,41.0,35.986866,T.Higgins,CIN,15.0,2025,150.6,209.6,0.16202945990180032,0.28784227
00-0032385,0.0,0.0,0.0,0.0,0.0,0.0,0.0,0.0,0.0,0.0,0.0,4.0,19.0,0.0,1.0,0.1829167,39.0,54.0,371.0,1.0,453.0,149.0,18.0,-2.8266659,S.Shepard,TB,13.0,2025,45.000004,84.0,0.09908256880733946,0.104450084
00-0036924,0.0,0.0,0.0,0.0,0.0,0.0,0.0,0.0,0.0,0.0,0.0,92.0,333.0,1.0,19.0,-6.847874,33.0,45.0,267.0,0.0,75.0,257.0,12.0,1.8549393,M.Carter,ARI,13.0,2025,66.0,99.0,0.07211538461538461,0.016707508
00-0038840,0.0,0.0,0.0,0.0,0.0,0.0,0.0,0.0,0.0,0.0,0.0,0.0,0.0,0.0,0.0,0.0,14.0,19.0,160.0,0.0,160.0,58.0,7.0,6.311063,B.Tremayne,CAR,9.0,2025,16.0,30.0,0.036608863198458574,0.044531032
00-0033921,0.0,0.0,0.0,0.0,0.0,0.0,0.0,0.0,0.0,0.0,0.0,0.0,0.0,0.0,0.0,0.0,33.0,52.0,360.0,2.0,361.0,206.0,21.0,14.700097,C.Godwin,TB,9.0,2025,48.0,81.0,0.09541284403669725,0.08323726
00-0037267,0.0,0.0,0.0,0.0,0.0,0.0,0.0,0.0,0.0,0.0,0.0,24.0,73.0,0.0,5.0,-3.0169609,26.0,32.0,103.0,0.0,-49.0,154.0,4.0,-5.587546,J.Ford,CLE,11.0,2025,17.6,43.6,0.06072106261859583,-0.013562136
00-0037306,0.0,0.0,0.0,0.0,0.0,0.0,0.0,0.0,0.0,0.0,0.0,0.0,0.0,0.0,0.0,0.0,12.0,15.0,72.0,1.0,24.0,57.0,4.0,3.7618108,J.FitzPatrick,GB,10.0,2025,13.200001,25.2,0.03,0.005339266
00-0038933,0.0,0.0,0.0,0.0,0.0,0.0,0.0,0.0,0.0,0.0,0.0,0.0,0.0,0.0,0.0,0.0,48.0,61.0,682.0,7.0,560.0,292.0,33.0,49.926914,D.Kincaid,BUF,14.0,2025,110.200005,158.20001,0.10374149659863946,0.12832265
00-0038896,0.0,0.0,0.0,0.0,0.0,0.0,0.0,0.0,0.0,0.0,0.0,2.0,11.0,0.0,1.0,-1.05897,0.0,0.0,0.0,0.0,0.0,0.0,0.0,0.0,J.Saylors,DET,1.0,2025,1.1,1.1,0.0,0.0
00-0039915,0.0,0.0,0.0,0.0,0.0,0.0,0.0,0.0,0.0,0.0,0.0,0.0,0.0,0.0,0.0,0.0,69.0,110.0,821.0,6.0,1094.0,320.0,37.0,8.372298,L.McConkey,LAC,17.0,2025,118.1,187.1,0.19197207678883071,0.2354207
00-0038891,0.0,0.0,0.0,0.0,0.0,0.0,0.0,0.0,0.0,0.0,0.0,1.0,3.0,0.0,0.0,-0.35483322,4.0,5.0,56.0,1.0,81.0,4.0,2.0,4.50288,S.Jackson,LV,3.0,2025,11.9,15.9,0.010683760683760684,0.027711255
00-0037545,0.0,0.0,0.0,0.0,0.0,0.0,0.0,0.0,0.0,0.0,0.0,13.0,91.0,0.0,4.0,-0.5963282,62.0,102.0,765.0,2.0,1316.0,194.0,32.0,-4.300511,R.Shaheed,SEA,21.0,2025,97.6,159.6,0.16748768472906403,0.252931
00-0038621,0.0,0.0,0.0,0.0,0.0,0.0,0.0,0.0,0.0,0.0,0.0,7.0,21.0,0.0,2.0,-0.967243,39.0,58.0,531.0,4.0,531.0,273.0,20.0,31.009495,D.Douglas,NE,19.0,2025,79.2,118.2,0.09715242881072027,0.095025055
00-0036232,0.0,0.0,0.0,0.0,0.0,0.0,0.0,0.0,0.0,0.0,0.0,0.0,0.0,0.0,0.0,0.0,5.0,12.0,28.0,0.0,91.0,10.0,2.0,-3.793074,H.Bryant,HOU,5.0,2025,2.8,7.8,0.01901743264659271,0.017293805
00-0039379,0.0,0.0,0.0,0.0,0.0,0.0,0.0,0.0,0.0,0.0,0.0,0.0,0.0,0.0,0.0,0.0,10.0,15.0,107.0,0.0,102.0,39.0,5.0,2.350799,J.Thrash,CLE,8.0,2025,10.7,20.7,0.028462998102466792,0.028231386
00-0032392,0.0,0.0,0.0,0.0,0.0,0.0,0.0,0.0,0.0,0.0,0.0,0.0,0.0,0.0,0.0,0.0,24.0,33.0,287.0,2.0,311.0,100.0,16.0,11.530922,A.Hooper,NE,16.0,2025,40.7,64.7,0.05527638190954774,0.055654977
00-0036741,0.0,0.0,0.0,0.0,0.0,0.0,0.0,0.0,0.0,0.0,0.0,0.0,0.0,0.0,0.0,0.0,6.0,11.0,46.0,1.0,34.0,17.0,2.0,-5.034133,J.Stoll,NO,8.0,2025,10.6,16.6,0.023060796645702306,0.009181744
00-0040644,0.0,0.0,0.0,0.0,0.0,0.0,0.0,0.0,0.0,0.0,0.0,21.0,98.0,0.0,6.0,-2.0127819,3.0,3.0,13.0,0.0,2.0,11.0,1.0,-0.5817596,T.Etienne,CAR,7.0,2025,11.1,14.1,0.005780346820809248,0.0005566379
00-0039577,1.0,2.0,-2.0,0.0,0.0,0.0,0.0,3.0,0.0,0.0,-2.1466315,0.0,0.0,0.0,0.0,0.0,0.0,0.0,0.0,0.0,0.0,0.0,0.0,0.0,K.Slovis,ARI,2.0,2025,-0.08,-0.08,0.0,0.0
00-0040067,0.0,0.0,0.0,0.0,0.0,0.0,0.0,0.0,0.0,0.0,0.0,5.0,20.0,0.0,1.0,0.04458624,0.0,0.0,0.0,0.0,0.0,0.0,0.0,0.0,J.Wright,SEA,1.0,2025,2.0,2.0,0.0,0.0
00-0034975,0.0,0.0,0.0,0.0,0.0,0.0,0.0,0.0,0.0,0.0,0.0,18.0,93.0,2.0,4.0,-1.2543161,21.0,27.0,169.0,1.0,-6.0,184.0,6.0,0.42149705,J.Hill,BAL,8.0,2025,44.199997,65.2,0.06633906633906633,-0.0017793594
00-0040128,0.0,1.0,0.0,0.0,0.0,0.0,0.0,11.0,0.0,0.0,-0.46532738,6.0,8.0,1.0,3.0,-4.3373547,76.0,114.0,817.0,4.0,602.0,474.0,42.0,15.77037,T.Warren,IND,17.0,2025,112.50001,188.5,0.21923076923076923,0.14986308
00-0035291,0.0,0.0,0.0,0.0,0.0,0.0,0.0,0.0,0.0,0.0,0.0,10.0,36.0,0.0,3.0,1.5745611,8.0,9.0,55.0,0.0,-34.0,83.0,2.0,-3.2355726,T.Williams,CLE,5.0,2025,9.1,17.1,0.017077798861480076,-0.009410462
00-0039851,424.0,681.0,5222.0,37.0,12.0,68.0,334.0,5725.0,2154.0,238.0,119.27587,132.0,628.0,5.0,50.0,20.401794,1.0,2.0,2.0,0.0,4.0,10.0,0.0,-2.9728827,D.Maye,NE,21.0,2025,437.88,438.88,0.0033500837520938024,0.0007158196
00-0040547,0.0,0.0,0.0,0.0,0.0,0.0,0.0,0.0,0.0,0.0,0.0,9.0,60.0,0.0,3.0,-1.6329567,0.0,0.0,0.0,0.0,0.0,0.0,0.0,0.0,N.Carter,ATL,2.0,2025,6.0,6.0,0.0,0.0
00-0039299,0.0,0.0,0.0,0.0,0.0,0.0,0.0,0.0,0.0,0.0,0.0,27.0,83.0,1.0,6.0,-10.868216,6.0,7.0,49.0,0.0,11.0,40.0,2.0,0.83150953,G.Holani,SEA,6.0,2025,19.2,25.2,0.011494252873563218,0.0021141649
00-0039921,0.0,0.0,0.0,0.0,0.0,0.0,0.0,0.0,0.0,0.0,0.0,29.0,160.0,0.0,4.0,-0.20821789,13.0,16.0,64.0,0.0,-22.0,73.0,2.0,-8.073343,T.Benson,ARI,4.0,2025,22.4,35.4,0.02564102564102564,-0.004900869
00-0036414,1.0,1.0,32.0,1.0,0.0,0.0,0.0,15.0,17.0,1.0,3.2600105,5.0,19.0,0.0,1.0,-0.91470087,0.0,1.0,0.0,0.0,-6.0,0.0,0.0,-1.4301598,C.Akers,MIN,1.0,2025,7.18,7.18,0.002207505518763797,-0.0016755096
00-0035676,0.0,0.0,0.0,0.0,0.0,0.0,0.0,0.0,0.0,0.0,0.0,0.0,0.0,0.0,0.0,0.0,81.0,128.0,1028.0,7.0,1558.0,268.0,48.0,32.1529,A.Brown,PHI,16.0,2025,144.8,225.8,0.25806451612903225,0.3461453
00-0035700,0.0,0.0,0.0,0.0,0.0,0.0,0.0,0.0,0.0,0.0,0.0,253.0,984.0,13.0,58.0,-19.633085,37.0,47.0,285.0,1.0,-27.0,312.0,8.0,10.499634,J.Jacobs,GB,16.0,2025,210.9,247.9,0.094,-0.006006674
00-0036628,0.0,0.0,0.0,0.0,0.0,0.0,0.0,0.0,0.0,0.0,0.0,0.0,0.0,0.0,0.0,0.0,11.0,16.0,103.0,1.0,48.0,68.0,6.0,7.8047237,J.Bates,WAS,9.0,2025,16.3,27.3,0.0367816091954023,0.0128
00-0037755,0.0,0.0,0.0,0.0,0.0,0.0,0.0,0.0,0.0,0.0,0.0,0.0,0.0,0.0,0.0,0.0,1.0,3.0,4.0,0.0,6.0,1.0,0.0,-2.5458274,J.Woods,NYJ,2.0,2025,0.4,1.4,0.006036217303822937,0.0017231476
00-0036637,0.0,0.0,0.0,0.0,0.0,0.0,0.0,0.0,0.0,0.0,0.0,0.0,0.0,0.0,0.0,0.0,21.0,38.0,178.0,0.0,239.0,107.0,9.0,-6.8543196,N.Gray,KC,13.0,2025,17.800001,38.800003,0.06871609403254973,0.05565906
00-0038547,0.0,0.0,0.0,0.0,0.0,0.0,0.0,0.0,0.0,0.0,0.0,0.0,0.0,0.0,0.0,0.0,14.0,23.0,132.0,0.0,165.0,82.0,7.0,3.6401563,L.Schoonmaker,DAL,14.0,2025,13.2,27.2,0.03776683087027915,0.033502538
00-0040649,0.0,0.0,0.0,0.0,0.0,0.0,0.0,0.0,0.0,0.0,0.0,0.0,0.0,0.0,0.0,0.0,0.0,1.0,0.0,0.0,0.0,0.0,0.0,-0.3296074,R.Ouzts,SEA,1.0,2025,0.0,0.0,0.0016420361247947454,0.0
00-0034960,0.0,0.0,0.0,0.0,0.0,0.0,0.0,0.0,0.0,0.0,0.0,5.0,13.0,0.0,1.0,-0.40705574,76.0,114.0,847.0,3.0,1053.0,282.0,44.0,6.8906555,J.Meyers,JAX,17.0,2025,104.00001,180.0,0.18152866242038215,0.18780096
00-0032398,0.0,0.0,0.0,0.0,0.0,0.0,0.0,0.0,0.0,0.0,0.0,1.0,9.0,0.0,0.0,0.7250561,11.0,23.0,207.0,1.0,332.0,53.0,10.0,12.282829,C.Moore,WAS,8.0,2025,27.6,38.6,0.052873563218390804,0.088533334
00-0034348,0.0,1.0,0.0,0.0,0.0,1.0,5.0,0.0,0.0,0.0,-4.031719,0.0,0.0,0.0,0.0,0.0,81.0,139.0,1087.0,8.0,1695.0,231.0,56.0,45.864986,C.Sutton,DEN,19.0,2025,156.70001,237.70001,0.2096530920060332,0.34207872
00-0037563,0.0,0.0,0.0,0.0,0.0,0.0,0.0,0.0,0.0,0.0,0.0,52.0,250.0,2.0,11.0,0.81339216,2.0,5.0,16.0,0.0,18.0,6.0,0.0,-4.8119755,M.Davis,DAL,9.0,2025,38.6,40.6,0.008210180623973728,0.0036548222
00-0038582,7.0,20.0,42.0,0.0,1.0,5.0,44.0,58.0,28.0,2.0,-19.899345,5.0,23.0,0.0,2.0,2.1791372,0.0,0.0,0.0,0.0,0.0,0.0,0.0,0.0,C.Tune,GB,2.0,2025,2.98,2.98,0.0,0.0
00-0038614,0.0,0.0,0.0,0.0,0.0,0.0,0.0,0.0,0.0,0.0,0.0,0.0,0.0,0.0,0.0,0.0,4.0,4.0,12.0,1.0,0.0,12.0,1.0,0.78445095,S.Matlock,LAC,3.0,2025,7.2,11.2,0.006980802792321117,0.0
00-0033269,1.0,1.0,16.0,0.0,0.0,0.0,0.0,11.0,5.0,1.0,3.5125947,0.0,0.0,0.0,0.0,0.0,0.0,0.0,0.0,0.0,0.0,0.0,0.0,0.0,R.Sanchez,IND,1.0,2025,0.64,0.64,0.0,0.0
00-0040704,110.0,204.0,937.0,7.0,2.0,19.0,127.0,1078.0,500.0,45.0,-44.835777,14.0,86.0,0.0,4.0,0.42800233,0.0,0.0,0.0,0.0,0.0,0.0,0.0,0.0,D.Gabriel,CLE,10.0,2025,72.079994,72.079994,0.0,0.0
00-0036264,315.0,508.0,3704.0,27.0,6.0,22.0,170.0,4340.0,1673.0,174.0,128.67316,48.0,210.0,0.0,15.0,12.796739,0.0,0.0,0.0,0.0,0.0,0.0,0.0,0.0,J.Love,GB,16.0,2025,271.16,271.16,0.0,0.0
00-0028118,80.0,147.0,779.0,5.0,5.0,14.0,82.0,1145.0,331.0,41.0,-13.181318,27.0,143.0,1.0,10.0,5.4132442,0.0,0.0,0.0,0.0,0.0,0.0,0.0,0.0,T.Taylor,NYJ,6.0,2025,66.46,66.46,0.0,0.0
00-0034418,0.0,0.0,0.0,0.0,0.0,0.0,0.0,0.0,0.0,0.0,0.0,0.0,0.0,0.0,0.0,0.0,5.0,9.0,44.0,0.0,79.0,25.0,3.0,-2.2143116,C.Wilson,MIA,6.0,2025,4.4,9.4,0.01935483870967742,0.023939393
00-0040743,221.0,356.0,2384.0,10.0,6.0,31.0,195.0,2709.0,1051.0,107.0,-10.005318,45.0,186.0,3.0,11.0,1.0231774,0.0,0.0,0.0,0.0,0.0,0.0,0.0,0.0,T.Shough,NO,11.0,2025,165.96,165.96,0.0,0.0
00-0035243,0.0,0.0,0.0,0.0,0.0,0.0,0.0,0.0,0.0,0.0,0.0,20.0,117.0,1.0,5.0,-1.8873984,8.0,8.0,30.0,0.0,-14.0,44.0,0.0,-1.5148692,M.Sanders,DAL,4.0,2025,20.7,28.7,0.013136288998357963,-0.0028426396
00-0039338,0.0,0.0,0.0,0.0,0.0,0.0,0.0,0.0,0.0,0.0,0.0,2.0,2.0,0.0,0.0,-1.154368,64.0,87.0,680.0,7.0,560.0,305.0,36.0,23.34749,B.Bowers,LV,12.0,2025,110.2,174.2,0.1858974358974359,0.19158399
00-0035645,1.0,2.0,33.0,1.0,0.0,0.0,0.0,23.0,20.0,1.0,2.4279792,0.0,0.0,0.0,0.0,0.0,10.0,13.0,145.0,1.0,130.0,74.0,7.0,10.609891,G.Olszewski,NYG,4.0,2025,25.82,35.82,0.025490196078431372,0.030624263
00-0036755,0.0,0.0,0.0,0.0,0.0,0.0,0.0,0.0,0.0,0.0,0.0,41.0,159.0,1.0,7.0,-1.4585378,3.0,4.0,8.0,0.0,-1.0,8.0,1.0,-1.6164309,J.Patterson,LAC,6.0,2025,22.7,25.7,0.006980802792321117,-0.0002151926
00-0040242,0.0,0.0,0.0,0.0,0.0,0.0,0.0,0.0,0.0,0.0,0.0,175.0,805.0,8.0,41.0,-6.5307794,9.0,13.0,68.0,0.0,-19.0,77.0,3.0,1.0342133,J.Croskey-Merritt,WAS,17.0,2025,135.3,144.3,0.029885057471264367,-0.0050666668
00-0033553,0.0,0.0,0.0,0.0,0.0,0.0,0.0,0.0,0.0,0.0,0.0,32.0,95.0,1.0,7.0,-2.7795422,8.0,9.0,38.0,1.0,-9.0,68.0,4.0,2.2344546,J.Conner,ARI,3.0,2025,25.3,33.3,0.014423076923076924,-0.002004901
00-0036176,0.0,0.0,0.0,0.0,0.0,0.0,0.0,0.0,0.0,0.0,0.0,0.0,0.0,0.0,0.0,0.0,2.0,4.0,48.0,0.0,92.0,3.0,2.0,3.3984647,M.Kinsey,TEN,2.0,2025,4.8,6.8,0.007858546168958742,0.02444858
00-0033908,0.0,1.0,0.0,0.0,1.0,0.0,0.0,9.0,0.0,0.0,-5.3701663,0.0,0.0,0.0,0.0,0.0,62.0,94.0,750.0,3.0,717.0,321.0,34.0,17.91497,C.Kupp,SEA,19.0,2025,92.0,154.0,0.15435139573070608,0.13780512
00-0039901,0.0,0.0,0.0,0.0,0.0,0.0,0.0,0.0,0.0,0.0,0.0,0.0,0.0,0.0,0.0,0.0,40.0,66.0,450.0,5.0,728.0,113.0,28.0,16.043203,K.Coleman,BUF,14.0,2025,75.0,115.0,0.11224489795918367,0.16681944
00-0035710,261.0,409.0,3101.0,19.0,8.0,22.0,158.0,3074.0,1344.0,149.0,56.943356,45.0,161.0,5.0,19.0,16.176407,0.0,0.0,0.0,0.0,0.0,0.0,0.0,0.0,D.Jones,IND,13.0,2025,238.14001,238.14001,0.0,0.0
00-0039064,0.0,0.0,0.0,0.0,0.0,0.0,0.0,0.0,0.0,0.0,0.0,10.0,62.0,1.0,3.0,2.4996555,86.0,119.0,1211.0,5.0,1204.0,458.0,48.0,46.384205,Z.Flowers,BAL,17.0,2025,163.3,249.3,0.29238329238329236,0.35705814
00-0036912,0.0,0.0,0.0,0.0,0.0,0.0,0.0,0.0,0.0,0.0,0.0,0.0,0.0,0.0,0.0,0.0,85.0,125.0,1078.0,4.0,1393.0,343.0,46.0,53.679455,D.Smith,PHI,18.0,2025,131.8,216.8,0.25201612903225806,0.30948678
00-0040705,0.0,0.0,0.0,0.0,0.0,0.0,0.0,0.0,0.0,0.0,0.0,11.0,18.0,0.0,0.0,-4.234658,48.0,74.0,423.0,4.0,599.0,220.0,20.0,1.5662338,C.Dike,TEN,16.0,2025,68.1,116.1,0.14538310412573674,0.1591815
00-0040784,0.0,1.0,0.0,0.0,0.0,0.0,0.0,0.0,0.0,0.0,-0.947,230.0,827.0,7.0,50.0,-25.10287,26.0,36.0,171.0,0.0,-15.0,194.0,7.0,-7.291977,Q.Judkins,CLE,14.0,2025,141.8,167.8,0.0683111954459203,-0.0041516745
00-0035544,0.0,0.0,0.0,0.0,0.0,0.0,0.0,0.0,0.0,0.0,0.0,0.0,0.0,0.0,0.0,0.0,4.0,4.0,36.0,0.0,32.0,4.0,2.0,4.502743,T.Kennedy,DET,1.0,2025,3.6000001,7.6000004,0.007272727272727273,0.008712225
00-0039751,0.0,0.0,0.0,0.0,0.0,0.0,0.0,0.0,0.0,0.0,0.0,4.0,12.0,0.0,0.0,-0.23733672,20.0,27.0,206.0,0.0,179.0,115.0,9.0,5.6375704,J.Whittington,LA,13.0,2025,21.800001,41.800003,0.03873744619799139,0.02701479
00-0037834,230.0,359.0,2569.0,22.0,13.0,14.0,74.0,2607.0,1052.0,152.0,45.60995,47.0,208.0,3.0,22.0,16.892227,0.0,0.0,0.0,0.0,0.0,0.0,0.0,0.0,B.Purdy,SF,11.0,2025,216.56,216.56,0.0,0.0
00-0038134,0.0,0.0,0.0,0.0,0.0,0.0,0.0,0.0,0.0,0.0,0.0,286.0,1340.0,9.0,63.0,-10.02066,40.0,47.0,386.0,0.0,-36.0,441.0,19.0,15.487055,K.Walker,SEA,20.0,2025,226.6,266.6,0.07717569786535304,-0.006919085
00-0029263,69.0,129.0,831.0,3.0,3.0,10.0,66.0,1058.0,376.0,32.0,-15.676452,18.0,106.0,0.0,6.0,-1.2863638,0.0,0.0,0.0,0.0,0.0,0.0,0.0,0.0,R.Wilson,NYG,6.0,2025,52.839996,52.839996,0.0,0.0
00-0033376,0.0,0.0,0.0,0.0,0.0,0.0,0.0,0.0,0.0,0.0,0.0,1.0,3.0,0.0,1.0,0.5102674,1.0,2.0,8.0,0.0,6.0,2.0,0.0,-0.4947397,P.Ricard,BAL,2.0,2025,1.1,2.1,0.004914004914004914,0.0017793594
00-0037157,0.0,0.0,0.0,0.0,0.0,0.0,0.0,0.0,0.0,0.0,0.0,82.0,269.0,4.0,21.0,-16.387531,22.0,31.0,160.0,1.0,37.0,151.0,10.0,1.4046675,Z.Knight,ARI,10.0,2025,72.9,94.9,0.049679487179487176,0.008242371
00-0036862,0.0,0.0,0.0,0.0,0.0,0.0,0.0,0.0,0.0,0.0,0.0,0.0,0.0,0.0,0.0,0.0,4.0,6.0,69.0,1.0,61.0,23.0,4.0,5.408946,B.Skowronek,PIT,6.0,2025,12.9,16.9,0.010309278350515464,0.016531166
00-0040648,0.0,0.0,0.0,0.0,0.0,0.0,0.0,0.0,0.0,0.0,0.0,0.0,0.0,0.0,0.0,0.0,13.0,22.0,161.0,5.0,337.0,33.0,7.0,10.245776,T.Horton,SEA,7.0,2025,46.1,59.1,0.0361247947454844,0.064770326
00-0039359,0.0,0.0,0.0,0.0,0.0,0.0,0.0,0.0,0.0,0.0,0.0,7.0,13.0,0.0,5.0,-3.1307108,15.0,21.0,91.0,0.0,45.0,63.0,4.0,0.8941333,C.Stover,HOU,8.0,2025,10.400001,25.400002,0.03328050713153724,0.008551882
00-0037487,0.0,0.0,0.0,0.0,0.0,0.0,0.0,0.0,0.0,0.0,0.0,1.0,5.0,0.0,0.0,0.34703508,3.0,3.0,27.0,0.0,7.0,20.0,1.0,0.9335536,D.Thompkins,ATL,2.0,2025,3.2,6.2,0.005905511811023622,0.0017052375
00-0037348,0.0,0.0,0.0,0.0,0.0,0.0,0.0,0.0,0.0,0.0,0.0,0.0,0.0,0.0,0.0,0.0,9.0,15.0,91.0,0.0,119.0,39.0,3.0,-6.5083504,T.Conner,MIA,7.0,2025,9.1,18.1,0.03225806451612903,0.036060605
00-0040388,0.0,0.0,0.0,0.0,0.0,0.0,0.0,0.0,0.0,0.0,0.0,0.0,0.0,0.0,0.0,0.0,2.0,2.0,15.0,0.0,15.0,0.0,0.0,-0.05045414,J.Keeney-James,GB,1.0,2025,1.5,3.5,0.004,0.0033370412
00-0034487,0.0,0.0,0.0,0.0,0.0,0.0,0.0,0.0,0.0,0.0,0.0,0.0,0.0,0.0,0.0,0.0,3.0,5.0,21.0,0.0,45.0,14.0,1.0,-0.8546746,T.Sherfield,ARI,4.0,2025,2.1000001,5.1000004,0.008012820512820512,0.010024505
00-0040124,0.0,0.0,0.0,0.0,0.0,0.0,0.0,0.0,0.0,0.0,0.0,0.0,0.0,0.0,0.0,0.0,75.0,129.0,1094.0,7.0,1508.0,288.0,60.0,29.361607,T.McMillan,CAR,18.0,2025,151.4,226.4,0.24855491329479767,0.41970497
00-0034798,0.0,0.0,0.0,0.0,0.0,0.0,0.0,0.0,0.0,0.0,0.0,0.0,0.0,0.0,0.0,0.0,6.0,9.0,36.0,0.0,52.0,15.0,1.0,-0.21887407,D.Smythe,CHI,6.0,2025,3.6000001,9.6,0.0144,0.009516837
00-0038492,0.0,0.0,0.0,0.0,0.0,0.0,0.0,0.0,0.0,0.0,0.0,0.0,0.0,0.0,0.0,0.0,0.0,1.0,0.0,0.0,9.0,0.0,0.0,-0.7134254,J.Brownlee,KC,1.0,2025,0.0,0.0,0.0018083182640144665,0.0020959477
00-0039824,0.0,0.0,0.0,0.0,0.0,0.0,0.0,0.0,0.0,0.0,0.0,0.0,0.0,0.0,0.0,0.0,1.0,1.0,4.0,0.0,-4.0,8.0,1.0,2.565646,J.Wiley,KC,1.0,2025,0.4,1.4,0.0018083182640144665,-0.00093153236
00-0029604,166.0,281.0,1721.0,10.0,5.0,13.0,79.0,1869.0,983.0,86.0,-6.4069347,14.0,7.0,1.0,4.0,-2.4924188,0.0,0.0,0.0,0.0,0.0,0.0,0.0,0.0,K.Cousins,ATL,10.0,2025,110.53999,110.53999,0.0,0.0
00-0038543,0.0,0.0,0.0,0.0,0.0,0.0,0.0,0.0,0.0,0.0,0.0,7.0,36.0,0.0,2.0,0.0466578,136.0,189.0,1992.0,12.0,2095.0,596.0,90.0,96.69893,J.Smith-Njigba,SEA,20.0,2025,274.8,410.8,0.3103448275862069,0.40265232
00-0037837,0.0,0.0,0.0,0.0,0.0,0.0,0.0,0.0,0.0,0.0,0.0,0.0,0.0,0.0,0.0,0.0,34.0,61.0,380.0,3.0,712.0,131.0,16.0,-5.7321863,C.Austin,PIT,15.0,2025,56.0,90.0,0.10481099656357389,0.19295393
00-0035643,0.0,0.0,0.0,0.0,0.0,0.0,0.0,0.0,0.0,0.0,0.0,0.0,0.0,0.0,0.0,0.0,1.0,1.0,1.0,1.0,1.0,0.0,1.0,0.56394607,J.Simmons,TEN,1.0,2025,6.1,7.1,0.0019646365422396855,0.00026574542
00-0033555,0.0,0.0,0.0,0.0,0.0,0.0,0.0,0.0,0.0,0.0,0.0,1.0,4.0,0.0,0.0,-0.22416954,52.0,75.0,679.0,3.0,1065.0,125.0,33.0,35.75989,M.Hollins,NE,16.0,2025,86.3,138.3,0.12562814070351758,0.19058697
00-0036900,0.0,0.0,0.0,0.0,0.0,0.0,0.0,0.0,0.0,0.0,0.0,3.0,14.0,0.0,0.0,0.12286383,125.0,185.0,1412.0,8.0,1570.0,640.0,73.0,41.379475,J.Chase,CIN,16.0,2025,190.59999,315.59998,0.3027823240589198,0.34392112
00-0039150,325.0,548.0,3275.0,24.0,12.0,29.0,216.0,3466.0,1664.0,165.0,-29.840273,57.0,240.0,3.0,17.0,8.983935,0.0,0.0,0.0,0.0,0.0,0.0,0.0,0.0,B.Young,CAR,17.0,2025,257.0,257.0,0.0,0.0
00-0038720,0.0,0.0,0.0,0.0,0.0,0.0,0.0,0.0,0.0,0.0,0.0,0.0,0.0,0.0,0.0,0.0,15.0,21.0,140.0,0.0,66.0,111.0,6.0,1.1960623,J.Hill,MIA,11.0,2025,14.0,29.0,0.04516129032258064,0.02
00-0038440,0.0,0.0,0.0,0.0,0.0,0.0,0.0,0.0,0.0,0.0,0.0,32.0,114.0,0.0,6.0,-8.999638,14.0,16.0,98.0,1.0,17.0,105.0,7.0,-0.76245296,Z.Scott,MIN,9.0,2025,27.2,41.2,0.03532008830022075,0.004747277
00-0040234,55.0,91.0,622.0,3.0,3.0,8.0,59.0,693.0,354.0,29.0,-5.55214,8.0,19.0,0.0,1.0,-4.676512,1.0,1.0,-6.0,0.0,-6.0,0.0,0.0,-1.501855,Q.Ewers,MIA,4.0,2025,35.18,36.18,0.002150537634408602,-0.0018181818
00-0035264,17.0,34.0,133.0,1.0,1.0,3.0,31.0,182.0,72.0,8.0,-15.53397,5.0,22.0,0.0,0.0,0.04921676,0.0,0.0,0.0,0.0,0.0,0.0,0.0,0.0,J.Stidham,DEN,2.0,2025,10.5199995,10.5199995,0.0,0.0
00-0039424,0.0,0.0,0.0,0.0,0.0,0.0,0.0,0.0,0.0,0.0,0.0,0.0,0.0,0.0,0.0,0.0,25.0,40.0,293.0,2.0,432.0,34.0,19.0,16.811544,D.Vele,NO,9.0,2025,41.300003,66.3,0.08385744234800839,0.11666217
00-0036265,0.0,0.0,0.0,0.0,0.0,0.0,0.0,0.0,0.0,0.0,0.0,12.0,60.0,0.0,4.0,-0.1724937,3.0,3.0,21.0,0.0,12.0,9.0,0.0,-4.184267,A.Dillon,PHI,5.0,2025,8.1,11.1,0.006048387096774193,0.0026660743
00-0033857,0.0,0.0,0.0,0.0,0.0,0.0,0.0,0.0,0.0,0.0,0.0,0.0,0.0,0.0,0.0,0.0,33.0,45.0,345.0,1.0,244.0,191.0,19.0,2.6210759,J.Smith-Schuster,KC,16.0,2025,40.5,73.5,0.081374321880651,0.056823473
00-0030564,0.0,0.0,0.0,0.0,0.0,0.0,0.0,0.0,0.0,0.0,0.0,0.0,0.0,0.0,0.0,0.0,22.0,39.0,330.0,2.0,513.0,65.0,15.0,9.447229,D.Hopkins,BAL,17.0,2025,45.0,67.0,0.09582309582309582,0.15213524
00-0036309,0.0,0.0,0.0,0.0,0.0,0.0,0.0,0.0,0.0,0.0,0.0,0.0,0.0,0.0,0.0,0.0,32.0,72.0,443.0,1.0,1019.0,73.0,25.0,3.6679173,D.Mooney,ATL,15.0,2025,50.3,82.3,0.14173228346456693,0.24823385
00-0038496,0.0,0.0,0.0,0.0,0.0,0.0,0.0,0.0,0.0,0.0,0.0,0.0,0.0,0.0,0.0,0.0,2.0,2.0,6.0,0.0,-9.0,15.0,0.0,-0.6137133,X.Gipson,PHI,2.0,2025,0.6,2.6,0.004032258064516129,-0.0019995556
00-0040129,0.0,0.0,0.0,0.0,0.0,0.0,0.0,0.0,0.0,0.0,0.0,2.0,9.0,0.0,0.0,-1.6816436,63.0,128.0,938.0,6.0,1572.0,335.0,34.0,7.143143,E.Egbuka,TB,17.0,2025,130.70001,193.70001,0.23486238532110093,0.36246252
00-0039919,0.0,0.0,0.0,0.0,0.0,0.0,0.0,0.0,0.0,0.0,0.0,0.0,0.0,0.0,0.0,0.0,48.0,103.0,749.0,6.0,1469.0,222.0,41.0,25.717886,R.Odunze,CHI,14.0,2025,110.9,158.9,0.1648,0.26885065
00-0031237,8.0,17.0,62.0,0.0,0.0,2.0,21.0,98.0,52.0,2.0,-12.498527,3.0,4.0,0.0,0.0,-0.018806083,0.0,0.0,0.0,0.0,0.0,0.0,0.0,0.0,T.Bridgewater,TB,3.0,2025,2.88,2.88,0.0,0.0
00-0037098,0.0,0.0,0.0,0.0,0.0,0.0,0.0,0.0,0.0,0.0,0.0,0.0,0.0,0.0,0.0,0.0,1.0,3.0,3.0,0.0,30.0,0.0,0.0,-8.68518,S.Toure,NO,1.0,2025,0.3,1.3,0.006289308176100629,0.00810154
00-0033307,0.0,0.0,0.0,0.0,0.0,0.0,0.0,0.0,0.0,0.0,0.0,0.0,0.0,0.0,0.0,0.0,37.0,55.0,551.0,0.0,619.0,165.0,27.0,16.63367,K.Bourne,SF,15.0,2025,55.100002,92.100006,0.0912106135986733,0.13786192
00-0036988,0.0,0.0,0.0,0.0,0.0,0.0,0.0,0.0,0.0,0.0,0.0,0.0,0.0,0.0,0.0,0.0,22.0,37.0,303.0,0.0,424.0,54.0,14.0,6.7436123,J.Palmer,BUF,12.0,2025,30.300001,52.300003,0.06292517006802721,0.09715857
00-0039874,0.0,0.0,0.0,0.0,0.0,0.0,0.0,0.0,0.0,0.0,0.0,70.0,288.0,2.0,17.0,-5.69902,5.0,9.0,44.0,0.0,-34.0,60.0,2.0,-1.6724523,J.Wright,MIA,9.0,2025,45.200005,50.200005,0.01935483870967742,-0.010303031
00-0039792,0.0,0.0,0.0,0.0,0.0,0.0,0.0,0.0,0.0,0.0,0.0,0.0,0.0,0.0,0.0,0.0,6.0,8.0,136.0,3.0,196.0,23.0,5.0,17.937576,D.Walker,BAL,5.0,2025,31.6,37.6,0.019656019656019656,0.05812574
00-0039847,0.0,0.0,0.0,0.0,0.0,0.0,0.0,0.0,0.0,0.0,0.0,0.0,0.0,0.0,0.0,0.0,45.0,74.0,528.0,5.0,616.0,187.0,25.0,8.832371,T.Johnson,NYG,15.0,2025,82.8,127.8,0.1450980392156863,0.1451119
00-0038647,0.0,0.0,0.0,0.0,0.0,0.0,0.0,0.0,0.0,0.0,0.0,0.0,0.0,0.0,0.0,0.0,2.0,4.0,23.0,1.0,78.0,1.0,1.0,1.1880121,R.Bell,NO,1.0,2025,8.3,10.3,0.008385744234800839,0.021064002
00-0033375,0.0,0.0,0.0,0.0,0.0,0.0,0.0,0.0,0.0,0.0,0.0,0.0,0.0,0.0,0.0,0.0,15.0,25.0,187.0,3.0,279.0,54.0,10.0,5.2595596,T.Patrick,JAX,14.0,2025,36.7,51.7,0.03980891719745223,0.049759228
00-0040058,0.0,0.0,0.0,0.0,0.0,0.0,0.0,0.0,0.0,0.0,0.0,0.0,0.0,0.0,0.0,0.0,0.0,1.0,0.0,0.0,8.0,0.0,0.0,-0.55543333,N.Kallerup,SEA,1.0,2025,0.0,0.0,0.0016420361247947454,0.0015375745
00-0039050,0.0,0.0,0.0,0.0,0.0,0.0,0.0,0.0,0.0,0.0,0.0,0.0,0.0,0.0,0.0,0.0,1.0,4.0,11.0,0.0,16.0,11.0,1.0,-1.1957325,P.Durham,TB,4.0,2025,1.1,2.1,0.007339449541284404,0.0036891862
00-0039361,0.0,0.0,0.0,0.0,0.0,0.0,0.0,0.0,0.0,0.0,0.0,173.0,588.0,1.0,27.0,-35.57741,30.0,35.0,277.0,3.0,-56.0,360.0,11.0,8.812377,B.Irving,TB,10.0,2025,110.5,140.5,0.06422018348623854,-0.012912151
00-0039040,0.0,0.0,0.0,0.0,0.0,0.0,0.0,0.0,0.0,0.0,0.0,238.0,1350.0,8.0,56.0,14.038853,67.0,85.0,481.0,4.0,35.0,545.0,23.0,-10.227876,D.Achane,MIA,16.0,2025,255.1,322.1,0.1827956989247312,0.010606061
00-0038658,0.0,0.0,0.0,0.0,0.0,0.0,0.0,0.0,0.0,0.0,0.0,1.0,-1.0,0.0,0.0,-2.324388,0.0,0.0,0.0,0.0,0.0,0.0,0.0,0.0,A.Martinez,SF,1.0,2025,-0.1,-0.1,0.0,0.0
00-0033319,3.0,3.0,19.0,0.0,0.0,0.0,0.0,4.0,15.0,2.0,2.8997662,12.0,-8.0,0.0,0.0,-2.4598923,0.0,0.0,0.0,0.0,0.0,0.0,0.0,0.0,N.Mullens,JAX,4.0,2025,-0.04000002,-0.04000002,0.0,0.0
00-0037654,0.0,0.0,0.0,0.0,0.0,0.0,0.0,0.0,0.0,0.0,0.0,0.0,0.0,0.0,0.0,0.0,5.0,7.0,31.0,0.0,28.0,27.0,1.0,-1.0839124,T.Fisk,LAC,5.0,2025,3.1000001,8.1,0.012216404886561954,0.0060253926
00-0037112,0.0,0.0,0.0,0.0,0.0,0.0,0.0,0.0,0.0,0.0,0.0,0.0,0.0,0.0,0.0,0.0,40.0,55.0,366.0,5.0,320.0,172.0,26.0,11.871209,J.Tonges,SF,11.0,2025,66.600006,106.600006,0.0912106135986733,0.07126949
00-0034829,0.0,0.0,0.0,0.0,0.0,0.0,0.0,0.0,0.0,0.0,0.0,0.0,0.0,0.0,0.0,0.0,28.0,43.0,307.0,2.0,418.0,63.0,19.0,4.3847003,M.Gesicki,CIN,12.0,2025,42.7,70.7,0.07037643207855974,0.091566265
00-0040277,0.0,0.0,0.0,0.0,0.0,0.0,0.0,0.0,0.0,0.0,0.0,0.0,0.0,0.0,0.0,0.0,6.0,10.0,87.0,2.0,130.0,8.0,4.0,6.8535404,J.Walker,CHI,3.0,2025,20.7,26.7,0.016,0.023792094
00-0035640,0.0,0.0,0.0,0.0,0.0,0.0,0.0,0.0,0.0,0.0,0.0,2.0,12.0,1.0,1.0,1.6868095,61.0,104.0,892.0,6.0,1101.0,443.0,39.0,33.23949,D.Metcalf,PIT,16.0,2025,132.4,193.4,0.17869415807560138,0.298374
00-0036158,0.0,0.0,0.0,0.0,0.0,0.0,0.0,0.0,0.0,0.0,0.0,153.0,772.0,4.0,37.0,4.184237,11.0,14.0,37.0,0.0,-30.0,56.0,0.0,-4.985711,J.Dobbins,DEN,10.0,2025,104.9,115.9,0.021116138763197588,-0.0060544903
00-0038738,0.0,0.0,0.0,0.0,0.0,0.0,0.0,0.0,0.0,0.0,0.0,16.0,71.0,0.0,6.0,-1.598041,13.0,15.0,109.0,1.0,-3.0,119.0,6.0,4.6036525,H.Luepke,DAL,10.0,2025,24.0,37.0,0.024630541871921183,-0.00060913706
00-0034419,0.0,0.0,0.0,0.0,0.0,0.0,0.0,0.0,0.0,0.0,0.0,0.0,0.0,0.0,0.0,0.0,6.0,8.0,37.0,0.0,24.0,18.0,3.0,2.3596401,B.Berrios,HOU,2.0,2025,3.7,9.7,0.012678288431061807,0.0045610033
00-0035685,1.0,3.0,3.0,1.0,0.0,1.0,5.0,7.0,0.0,1.0,-1.7448692,158.0,716.0,8.0,41.0,-0.5810027,24.0,29.0,192.0,0.0,12.0,199.0,11.0,3.1299314,D.Montgomery,DET,17.0,2025,142.92,166.92,0.05272727272727273,0.003267084
00-0039890,0.0,0.0,0.0,0.0,0.0,0.0,0.0,0.0,0.0,0.0,0.0,1.0,-4.0,0.0,0.0,-1.1126404,33.0,74.0,453.0,2.0,1102.0,80.0,15.0,-16.110096,A.Mitchell,NYJ,16.0,2025,56.899998,89.899994,0.1488933601609658,0.31648478
00-0036550,0.0,0.0,0.0,0.0,0.0,0.0,0.0,0.0,0.0,0.0,0.0,0.0,0.0,0.0,0.0,0.0,19.0,39.0,224.0,2.0,468.0,39.0,12.0,-1.67576,R.Bateman,BAL,13.0,2025,34.4,53.4,0.09582309582309582,0.13879004
00-0040432,0.0,0.0,0.0,0.0,0.0,0.0,0.0,0.0,0.0,0.0,0.0,0.0,0.0,0.0,0.0,0.0,2.0,6.0,25.0,0.0,73.0,6.0,1.0,-5.7445555,B.Collins,NYG,3.0,2025,2.5,4.5,0.011764705882352941,0.017196702
00-0037012,27.0,59.0,226.0,0.0,1.0,6.0,44.0,535.0,105.0,10.0,-38.39308,17.0,85.0,0.0,5.0,1.2534361,0.0,0.0,0.0,0.0,0.0,0.0,0.0,0.0,T.Lance,LAC,4.0,2025,16.54,16.54,0.0,0.0
00-0036407,0.0,0.0,0.0,0.0,0.0,0.0,0.0,0.0,0.0,0.0,0.0,1.0,5.0,0.0,1.0,2.7333872,50.0,106.0,602.0,2.0,1288.0,166.0,31.0,-32.305454,J.Jeudy,CLE,17.0,2025,72.7,122.7,0.20113851992409867,0.35649046
00-0035719,0.0,0.0,0.0,0.0,0.0,0.0,0.0,0.0,0.0,0.0,0.0,17.0,75.0,1.0,4.0,0.14260066,72.0,100.0,727.0,5.0,527.0,466.0,32.0,17.62109,D.Samuel,WAS,16.0,2025,116.200005,188.20001,0.22988505747126436,0.14053333
00-0036423,0.0,0.0,0.0,0.0,0.0,0.0,0.0,0.0,0.0,0.0,0.0,0.0,0.0,0.0,0.0,0.0,5.0,6.0,36.0,0.0,18.0,34.0,2.0,1.6165098,A.Okwuegbunam,LV,1.0,2025,3.6000001,8.6,0.01282051282051282,0.0061580567
00-0037194,0.0,0.0,0.0,0.0,0.0,0.0,0.0,0.0,0.0,0.0,0.0,0.0,0.0,0.0,0.0,0.0,1.0,1.0,6.0,0.0,-6.0,12.0,0.0,0.18734509,D.Kinnard,GB,1.0,2025,0.6,1.6,0.002,-0.0013348165
00-0038551,0.0,0.0,0.0,0.0,0.0,0.0,0.0,0.0,0.0,0.0,0.0,47.0,193.0,1.0,9.0,-2.926956,5.0,5.0,30.0,0.0,-5.0,35.0,1.0,-0.3668859,K.Miller,NO,7.0,2025,28.300001,33.300003,0.010482180293501049,-0.0013502565
00-0033246,0.0,0.0,0.0,0.0,0.0,0.0,0.0,0.0,0.0,0.0,0.0,0.0,0.0,0.0,0.0,0.0,9.0,19.0,111.0,0.0,100.0,76.0,6.0,3.9752178,J.Mundt,JAX,11.0,2025,11.1,20.1,0.030254777070063694,0.01783485
00-0034857,372.0,584.0,4224.0,29.0,12.0,44.0,327.0,3996.0,2162.0,203.0,75.85241,135.0,678.0,16.0,59.0,49.929974,0.0,0.0,0.0,0.0,0.0,0.0,0.0,0.0,J.Allen,BUF,18.0,2025,436.76,436.76,0.0,0.0
00-0035125,0.0,0.0,0.0,0.0,0.0,0.0,0.0,0.0,0.0,0.0,0.0,2.0,9.0,0.0,1.0,0.45087126,8.0,11.0,52.0,0.0,41.0,45.0,4.0,-0.3716389,A.Ingold,MIA,8.0,2025,6.1000004,14.1,0.023655913978494623,0.012424243
00-0036165,0.0,0.0,0.0,0.0,0.0,0.0,0.0,0.0,0.0,0.0,0.0,0.0,0.0,0.0,0.0,0.0,10.0,19.0,115.0,1.0,207.0,17.0,6.0,5.514429,I.Hodgins,NYG,6.0,2025,17.5,27.5,0.03725490196078431,0.04876325
00-0039032,0.0,0.0,0.0,0.0,0.0,0.0,0.0,0.0,0.0,0.0,0.0,72.0,283.0,2.0,16.0,-3.9011471,45.0,50.0,264.0,0.0,-115.0,361.0,10.0,-1.6444621,T.Spears,TEN,13.0,2025,66.700005,111.700005,0.09823182711198428,-0.030560723
00-0040563,0.0,1.0,0.0,0.0,0.0,0.0,0.0,12.0,0.0,0.0,-1.6435506,0.0,0.0,0.0,0.0,0.0,4.0,4.0,95.0,1.0,51.0,44.0,4.0,8.944829,E.Chism,NE,3.0,2025,15.5,19.5,0.006700167504187605,0.0091267
00-0036313,0.0,0.0,0.0,0.0,0.0,0.0,0.0,0.0,0.0,0.0,0.0,1.0,-34.0,0.0,0.0,-1.9512391,0.0,0.0,0.0,0.0,0.0,0.0,0.0,0.0,B.Mann,PHI,1.0,2025,-3.4,-3.4,0.0,0.0
00-0037263,0.0,0.0,0.0,0.0,0.0,0.0,0.0,0.0,0.0,0.0,0.0,143.0,514.0,8.0,36.0,-11.554741,14.0,16.0,96.0,0.0,-26.0,120.0,3.0,2.7828412,T.Allgeier,ATL,17.0,2025,109.0,123.0,0.031496062992125984,-0.0063337395
00-0039067,0.0,0.0,0.0,0.0,0.0,0.0,0.0,0.0,0.0,0.0,0.0,5.0,20.0,1.0,2.0,1.8625008,53.0,79.0,571.0,5.0,338.0,414.0,28.0,16.01945,R.Rice,KC,8.0,2025,95.100006,148.1,0.14285714285714285,0.07871448
00-0039793,0.0,0.0,0.0,0.0,0.0,0.0,0.0,0.0,0.0,0.0,0.0,11.0,16.0,1.0,10.0,7.6934257,58.0,75.0,586.0,7.0,335.0,309.0,31.0,34.77496,A.Barner,SEA,18.0,2025,108.200005,166.20001,0.12315270935960591,0.06438593
00-0040509,0.0,0.0,0.0,0.0,0.0,0.0,0.0,0.0,0.0,0.0,0.0,0.0,0.0,0.0,0.0,0.0,2.0,3.0,14.0,0.0,11.0,9.0,1.0,0.34764212,B.Yurosek,MIN,2.0,2025,1.4,3.4,0.006622516556291391,0.0030717677
00-0040584,0.0,0.0,0.0,0.0,0.0,0.0,0.0,0.0,0.0,0.0,0.0,0.0,0.0,0.0,0.0,0.0,44.0,55.0,357.0,2.0,303.0,159.0,17.0,3.8344786,G.Helm,TEN,16.0,2025,47.7,91.7,0.10805500982318271,0.08052086
00-0038938,0.0,0.0,0.0,0.0,0.0,0.0,0.0,0.0,0.0,0.0,0.0,0.0,0.0,0.0,0.0,0.0,5.0,14.0,35.0,0.0,280.0,2.0,2.0,-9.084066,J.Hyatt,NYG,5.0,2025,3.5,8.5,0.027450980392156862,0.06595995
00-0039849,0.0,0.0,0.0,0.0,0.0,0.0,0.0,0.0,0.0,0.0,0.0,0.0,0.0,0.0,0.0,0.0,41.0,74.0,608.0,4.0,946.0,119.0,30.0,31.114758,M.Harrison,ARI,12.0,2025,84.8,125.8,0.11858974358974358,0.21073736
00-0037132,0.0,0.0,0.0,0.0,0.0,0.0,0.0,0.0,0.0,0.0,0.0,0.0,0.0,0.0,0.0,0.0,2.0,4.0,20.0,0.0,8.0,20.0,2.0,0.5963683,B.Covey,PHI,1.0,2025,2.0,4.0,0.008064516129032258,0.0017773828
00-0039738,0.0,0.0,0.0,0.0,0.0,0.0,0.0,0.0,0.0,0.0,0.0,171.0,865.0,6.0,49.0,14.28997,13.0,19.0,73.0,0.0,38.0,61.0,3.0,-5.51187,B.Corum,LA,20.0,2025,129.8,142.8,0.027259684361549498,0.0057349834
00-0039918,377.0,686.0,4560.0,31.0,12.0,25.0,174.0,5842.0,2070.0,216.0,56.196236,86.0,443.0,3.0,33.0,10.459624,2.0,2.0,22.0,1.0,-3.0,25.0,2.0,5.2770095,C.Williams,CHI,19.0,2025,364.9,366.9,0.0032,-0.0005490483
00-0037740,0.0,0.0,0.0,0.0,0.0,0.0,0.0,0.0,0.0,0.0,0.0,0.0,0.0,0.0,0.0,0.0,36.0,60.0,395.0,4.0,535.0,100.0,18.0,-2.0651286,G.Wilson,NYJ,7.0,2025,63.5,99.5,0.12072434607645875,0.15364733
00-0039623,0.0,0.0,0.0,0.0,0.0,0.0,0.0,0.0,0.0,0.0,0.0,4.0,18.0,0.0,2.0,-1.3791869,11.0,17.0,76.0,0.0,149.0,37.0,4.0,-7.460747,M.Tipton,NO,6.0,2025,9.4,20.4,0.03563941299790356,0.040237647
00-0037292,0.0,0.0,0.0,0.0,0.0,0.0,0.0,0.0,0.0,0.0,0.0,0.0,0.0,0.0,0.0,0.0,4.0,6.0,27.0,1.0,42.0,9.0,2.0,1.3111727,A.Ogletree,IND,4.0,2025,8.7,12.7,0.011538461538461539,0.010455564
00-0038710,0.0,0.0,0.0,0.0,0.0,0.0,0.0,0.0,0.0,0.0,0.0,0.0,0.0,0.0,0.0,0.0,2.0,6.0,4.0,0.0,43.0,1.0,0.0,-3.7279701,B.Whiteheart,CLE,6.0,2025,0.4,2.4,0.011385199240986717,0.011901467
00-0039407,0.0,0.0,0.0,0.0,0.0,0.0,0.0,0.0,0.0,0.0,0.0,7.0,9.0,0.0,0.0,-5.3677917,3.0,4.0,18.0,0.0,-6.0,24.0,1.0,-0.78986776,D.Laube,LV,3.0,2025,2.7,5.7,0.008547008547008548,-0.0020526857
00-0039816,0.0,0.0,0.0,0.0,0.0,0.0,0.0,0.0,0.0,0.0,0.0,0.0,0.0,0.0,0.0,0.0,2.0,2.0,6.0,0.0,-2.0,8.0,0.0,-0.98982954,A.Gould,IND,2.0,2025,0.6,2.6,0.0038461538461538464,-0.000497884
00-0036133,0.0,0.0,0.0,0.0,0.0,0.0,0.0,0.0,0.0,0.0,0.0,0.0,0.0,0.0,0.0,0.0,6.0,12.0,65.0,0.0,175.0,2.0,2.0,1.6769203,J.Proche,TEN,6.0,2025,6.5,12.5,0.023575638506876228,0.046505447
00-0035208,0.0,0.0,0.0,0.0,0.0,0.0,0.0,0.0,0.0,0.0,0.0,4.0,25.0,0.0,1.0,0.6340967,41.0,70.0,330.0,3.0,509.0,144.0,16.0,-3.0233757,O.Zaccheaus,CHI,16.0,2025,53.5,94.5,0.112,0.0931552
00-0035628,0.0,0.0,0.0,0.0,0.0,0.0,0.0,0.0,0.0,0.0,0.0,14.0,25.0,0.0,0.0,-5.498056,0.0,0.0,0.0,0.0,0.0,0.0,0.0,0.0,D.Johnson,NE,5.0,2025,2.5,2.5,0.0,0.0
00-0040205,0.0,0.0,0.0,0.0,0.0,0.0,0.0,0.0,0.0,0.0,0.0,3.0,7.0,0.0,2.0,-0.53810287,0.0,0.0,0.0,0.0,0.0,0.0,0.0,0.0,K.Mullings,TEN,3.0,2025,0.7,0.7,0.0,0.0
00-0036971,359.0,631.0,4214.0,32.0,14.0,42.0,249.0,5168.0,1712.0,205.0,33.53771,88.0,390.0,9.0,42.0,21.922445,0.0,0.0,0.0,0.0,0.0,0.0,0.0,0.0,T.Lawrence,JAX,18.0,2025,375.56,375.56,0.0,0.0
00-0038400,24.0,46.0,274.0,1.0,1.0,3.0,14.0,411.0,100.0,16.0,-2.4619384,8.0,8.0,0.0,1.0,-5.1702604,0.0,0.0,0.0,0.0,0.0,0.0,0.0,0.0,T.McKee,PHI,4.0,2025,14.76,14.76,0.0,0.0
00-0038679,0.0,0.0,0.0,0.0,0.0,0.0,0.0,0.0,0.0,0.0,0.0,0.0,0.0,0.0,0.0,0.0,16.0,25.0,259.0,1.0,320.0,68.0,12.0,13.52796,T.Shavers,BUF,11.0,2025,31.9,47.9,0.04251700680272109,0.07332722
00-0036945,128.0,233.0,1259.0,7.0,1.0,27.0,192.0,1379.0,575.0,58.0,-21.733294,71.0,383.0,4.0,26.0,8.762814,0.0,1.0,0.0,0.0,6.0,0.0,0.0,-0.81877136,J.Fields,NYJ,9.0,2025,139.66,139.66,0.002012072434607646,0.0017231476
00-0036997,0.0,0.0,0.0,0.0,0.0,0.0,0.0,0.0,0.0,0.0,0.0,252.0,1201.0,11.0,67.0,12.205004,35.0,51.0,137.0,2.0,-67.0,206.0,7.0,-22.737268,J.Williams,DAL,16.0,2025,211.8,246.8,0.08374384236453201,-0.013604061
00-0039398,15.0,24.0,183.0,1.0,2.0,0.0,0.0,260.0,78.0,9.0,0.6370325,5.0,50.0,0.0,1.0,-2.091566,0.0,0.0,0.0,0.0,0.0,0.0,0.0,0.0,J.Milton,DAL,4.0,2025,14.32,14.32,0.0,0.0
00-0039458,0.0,0.0,0.0,0.0,0.0,0.0,0.0,0.0,0.0,0.0,0.0,0.0,0.0,0.0,0.0,0.0,4.0,5.0,48.0,0.0,39.0,10.0,3.0,3.0523043,B.Bates,CLE,4.0,2025,4.8,8.8,0.009487666034155597,0.010794354
00-0036422,0.0,0.0,0.0,0.0,0.0,0.0,0.0,0.0,0.0,0.0,0.0,0.0,0.0,0.0,0.0,0.0,20.0,25.0,195.0,1.0,124.0,104.0,11.0,9.713261,A.Trautman,DEN,12.0,2025,25.5,45.5,0.03770739064856712,0.025025226
00-0030279,0.0,0.0,0.0,0.0,0.0,0.0,0.0,0.0,0.0,0.0,0.0,0.0,0.0,0.0,0.0,0.0,84.0,130.0,802.0,4.0,1078.0,236.0,51.0,29.883919,K.Allen,LAC,18.0,2025,104.200005,188.20001,0.2268760907504363,0.23197763
00-0035993,52.0,74.0,426.0,2.0,0.0,8.0,38.0,429.0,148.0,19.0,2.3251219,24.0,151.0,0.0,11.0,10.847624,0.0,0.0,0.0,0.0,0.0,0.0,0.0,0.0,T.Huntley,BAL,5.0,2025,40.14,40.14,0.0,0.0
00-0036613,1.0,1.0,8.0,0.0,0.0,0.0,0.0,-5.0,13.0,0.0,-0.5923648,2.0,28.0,0.0,1.0,1.9295156,64.0,100.0,910.0,6.0,1306.0,228.0,48.0,34.45166,J.Waddle,MIA,16.0,2025,130.12,194.12,0.21505376344086022,0.3957576
00-0040237,0.0,0.0,0.0,0.0,0.0,0.0,0.0,0.0,0.0,0.0,0.0,7.0,22.0,0.0,0.0,-1.2532766,28.0,44.0,322.0,5.0,516.0,110.0,16.0,16.342394,T.Johnson,TB,15.0,2025,64.4,92.4,0.08073394495412844,0.11897625
00-0040666,0.0,0.0,0.0,0.0,0.0,0.0,0.0,0.0,0.0,0.0,0.0,125.0,544.0,4.0,31.0,-1.475534,32.0,35.0,192.0,1.0,-54.0,245.0,7.0,-0.59145236,O.Hampton,LAC,10.0,2025,103.600006,135.6,0.06108202443280977,-0.0116204005
00-0036355,359.0,603.0,3886.0,26.0,13.0,60.0,340.0,4246.0,1728.0,183.0,-8.77392,93.0,555.0,2.0,38.0,17.5467,0.0,0.0,0.0,0.0,0.0,0.0,0.0,0.0,J.Herbert,LAC,17.0,2025,313.94,313.94,0.0,0.0
00-0032464,0.0,0.0,0.0,0.0,0.0,0.0,0.0,0.0,0.0,0.0,0.0,2.0,19.0,0.0,1.0,1.5551466,24.0,30.0,289.0,1.0,169.0,157.0,14.0,15.205083,K.Raymond,DET,12.0,2025,36.8,60.8,0.05454545454545454,0.046011433
00-0040739,0.0,0.0,0.0,0.0,0.0,0.0,0.0,0.0,0.0,0.0,0.0,0.0,0.0,0.0,0.0,0.0,15.0,26.0,179.0,1.0,220.0,78.0,7.0,-16.238907,E.Arroyo,SEA,13.0,2025,23.9,38.9,0.042692939244663386,0.042283297
00-0038040,0.0,0.0,0.0,0.0,0.0,0.0,0.0,0.0,0.0,0.0,0.0,12.0,32.0,0.0,1.0,-7.571534,4.0,6.0,24.0,0.0,-3.0,24.0,0.0,-1.8568794,Z.White,LV,5.0,2025,5.6000004,9.6,0.01282051282051282,-0.0010263429
00-0039893,0.0,0.0,0.0,0.0,0.0,0.0,0.0,0.0,0.0,0.0,0.0,3.0,21.0,1.0,2.0,2.8626819,50.0,93.0,728.0,3.0,1335.0,160.0,35.0,20.467815,B.Thomas,JAX,15.0,2025,98.9,148.9,0.1480891719745223,0.23809524
00-0038645,0.0,0.0,0.0,0.0,0.0,0.0,0.0,0.0,0.0,0.0,0.0,0.0,0.0,0.0,0.0,0.0,1.0,1.0,4.0,0.0,0.0,4.0,0.0,-0.00779022,S.Anderson,PIT,1.0,2025,0.4,1.4,0.001718213058419244,0.0
00-0032918,0.0,0.0,0.0,0.0,0.0,0.0,0.0,0.0,0.0,0.0,0.0,3.0,5.0,2.0,2.0,1.7957101,2.0,2.0,11.0,0.0,2.0,9.0,1.0,0.7486853,C.Ham,MIN,3.0,2025,13.6,15.6,0.004415011037527594,0.0005585032
00-0038555,0.0,0.0,0.0,0.0,0.0,0.0,0.0,0.0,0.0,0.0,0.0,67.0,375.0,2.0,19.0,7.484786,3.0,4.0,32.0,0.0,-6.0,39.0,1.0,-0.7372515,T.Bigsby,PHI,12.0,2025,52.7,55.7,0.008064516129032258,-0.0013330372
00-0039868,0.0,0.0,0.0,0.0,0.0,0.0,0.0,0.0,0.0,0.0,0.0,5.0,12.0,0.0,2.0,-1.7212983,65.0,107.0,709.0,6.0,1321.0,282.0,32.0,9.788528,T.Franklin,DEN,17.0,2025,108.1,173.1,0.16138763197586728,0.2665994
00-0039062,0.0,0.0,0.0,0.0,0.0,0.0,0.0,0.0,0.0,0.0,0.0,0.0,0.0,0.0,0.0,0.0,1.0,5.0,25.0,0.0,97.0,4.0,1.0,-4.196078,J.Mingo,DAL,5.0,2025,2.5,3.5,0.008210180623973728,0.019695431
00-0037840,0.0,0.0,0.0,0.0,0.0,0.0,0.0,0.0,0.0,0.0,0.0,303.0,1435.0,12.0,81.0,8.009905,44.0,59.0,351.0,5.0,163.0,189.0,17.0,16.874987,K.Williams,LA,20.0,2025,280.6,324.6,0.08464849354375897,0.02460006
00-0037805,0.0,0.0,0.0,0.0,0.0,0.0,0.0,0.0,0.0,0.0,0.0,0.0,0.0,0.0,0.0,0.0,23.0,29.0,168.0,1.0,102.0,88.0,8.0,4.546115,J.Ruckert,NYJ,13.0,2025,22.800001,45.800003,0.05835010060362173,0.02929351
00-0039384,0.0,0.0,0.0,0.0,0.0,0.0,0.0,0.0,0.0,0.0,0.0,176.0,740.0,2.0,39.0,-9.786289,36.0,48.0,288.0,2.0,19.0,314.0,14.0,0.04056579,T.Tracy,NYG,15.0,2025,126.8,162.8,0.09411764705882353,0.004475854
00-0039451,0.0,1.0,0.0,0.0,0.0,0.0,0.0,6.0,0.0,0.0,-0.81877136,3.0,34.0,0.0,1.0,1.5842279,26.0,36.0,193.0,0.0,122.0,119.0,10.0,1.1812744,I.Williams,NYJ,9.0,2025,22.7,48.7,0.07243460764587525,0.035037335
00-0036972,203.0,308.0,2155.0,13.0,6.0,16.0,108.0,2162.0,957.0,107.0,35.871964,37.0,67.0,0.0,12.0,-3.9265666,0.0,0.0,0.0,0.0,0.0,0.0,0.0,0.0,M.Jones,SF,12.0,2025,138.9,138.9,0.0,0.0
00-0033217,0.0,0.0,0.0,0.0,0.0,0.0,0.0,0.0,0.0,0.0,0.0,0.0,0.0,0.0,0.0,0.0,13.0,20.0,117.0,1.0,93.0,77.0,4.0,-0.85927004,M.Alie-Cox,IND,11.0,2025,17.7,30.7,0.038461538461538464,0.023151606
00-0039491,0.0,0.0,0.0,0.0,0.0,0.0,0.0,0.0,0.0,0.0,0.0,0.0,0.0,0.0,0.0,0.0,42.0,57.0,528.0,4.0,578.0,158.0,27.0,27.47102,J.Coker,CAR,12.0,2025,76.8,118.8,0.10982658959537572,0.16086836
00-0036620,0.0,0.0,0.0,0.0,0.0,0.0,0.0,0.0,0.0,0.0,0.0,0.0,0.0,0.0,0.0,0.0,4.0,7.0,62.0,0.0,98.0,9.0,3.0,3.045866,D.Eskridge,MIA,5.0,2025,6.2000003,10.200001,0.015053763440860216,0.02969697
00-0031484,0.0,0.0,0.0,0.0,0.0,0.0,0.0,0.0,0.0,0.0,0.0,0.0,0.0,0.0,0.0,0.0,1.0,2.0,7.0,0.0,11.0,6.0,0.0,-0.3805214,C.Manhertz,NYG,2.0,2025,0.7,1.7,0.00392156862745098,0.0025912838
00-0036959,0.0,0.0,0.0,0.0,0.0,0.0,0.0,0.0,0.0,0.0,0.0,0.0,0.0,0.0,0.0,0.0,4.0,4.0,50.0,1.0,24.0,26.0,3.0,7.2599,M.Bandy,DEN,3.0,2025,11.0,15.0,0.006033182503770739,0.004843592
00-0039066,0.0,0.0,0.0,0.0,0.0,0.0,0.0,0.0,0.0,0.0,0.0,0.0,0.0,0.0,0.0,0.0,35.0,50.0,328.0,1.0,240.0,196.0,18.0,-9.841838,M.Mayer,LV,12.0,2025,38.8,73.8,0.10683760683760683,0.082107425
00-0037838,0.0,0.0,0.0,0.0,0.0,0.0,0.0,0.0,0.0,0.0,0.0,0.0,0.0,0.0,0.0,0.0,27.0,36.0,307.0,1.0,287.0,117.0,11.0,5.39542,I.Likely,BAL,11.0,2025,36.7,63.7,0.08845208845208845,0.08511269
00-0037247,0.0,0.0,0.0,0.0,0.0,0.0,0.0,0.0,0.0,0.0,0.0,0.0,0.0,0.0,0.0,0.0,93.0,137.0,1429.0,9.0,1547.0,479.0,73.0,87.68971,G.Pickens,DAL,17.0,2025,196.90001,289.90002,0.22495894909688013,0.31411168
00-0036970,0.0,0.0,0.0,0.0,0.0,0.0,0.0,0.0,0.0,0.0,0.0,0.0,0.0,0.0,0.0,0.0,88.0,119.0,928.0,5.0,869.0,400.0,51.0,24.583952,K.Pitts,ATL,17.0,2025,122.8,210.8,0.234251968503937,0.21169306
00-0040317,0.0,0.0,0.0,0.0,0.0,0.0,0.0,0.0,0.0,0.0,0.0,0.0,0.0,0.0,0.0,0.0,1.0,1.0,25.0,0.0,3.0,22.0,1.0,1.5626438,Ja.Jones,WAS,1.0,2025,2.5,3.5,0.0022988505747126436,0.0008
00-0037231,0.0,0.0,0.0,0.0,0.0,0.0,0.0,0.0,0.0,0.0,0.0,0.0,0.0,0.0,0.0,0.0,13.0,23.0,140.0,1.0,191.0,56.0,7.0,0.34124994,K.Austin,NO,5.0,2025,20.0,33.0,0.04821802935010482,0.0515798
00-0040206,39.0,70.0,415.0,2.0,3.0,2.0,17.0,537.0,180.0,18.0,-15.204349,6.0,27.0,2.0,4.0,5.2600765,0.0,0.0,0.0,0.0,0.0,0.0,0.0,0.0,R.Leonard,IND,5.0,2025,36.300003,36.300003,0.0,0.0
00-0038416,3.0,4.0,47.0,0.0,0.0,0.0,0.0,30.0,39.0,2.0,2.3050823,2.0,7.0,0.0,0.0,-0.3711529,0.0,0.0,0.0,0.0,0.0,0.0,0.0,0.0,T.Bagent,CHI,2.0,2025,2.58,2.58,0.0,0.0
00-0036875,0.0,0.0,0.0,0.0,0.0,0.0,0.0,0.0,0.0,0.0,0.0,188.0,820.0,7.0,40.0,-25.788979,44.0,52.0,471.0,3.0,168.0,403.0,17.0,17.332455,R.Stevenson,NE,18.0,2025,189.1,233.1,0.08710217755443886,0.030064424
00-0031588,0.0,0.0,0.0,0.0,0.0,0.0,0.0,0.0,0.0,0.0,0.0,0.0,0.0,0.0,0.0,0.0,99.0,122.0,1123.0,5.0,1000.0,398.0,55.0,71.308914,S.Diggs,NE,21.0,2025,142.3,241.3,0.20435510887772193,0.1789549
00-0038809,0.0,0.0,0.0,0.0,0.0,0.0,0.0,0.0,0.0,0.0,0.0,0.0,0.0,0.0,0.0,0.0,3.0,6.0,30.0,0.0,73.0,5.0,2.0,0.7332787,B.Sims,MIN,3.0,2025,3.0,6.0,0.013245033112582781,0.020385368
00-0038542,0.0,0.0,0.0,0.0,0.0,0.0,0.0,0.0,0.0,0.0,0.0,287.0,1478.0,7.0,63.0,-12.254629,79.0,103.0,820.0,4.0,101.0,857.0,34.0,26.589836,B.Robinson,ATL,17.0,2025,295.8,374.8,0.20275590551181102,0.024604142
00-0036980,0.0,0.0,0.0,0.0,0.0,0.0,0.0,0.0,0.0,0.0,0.0,6.0,24.0,1.0,3.0,-0.015159845,10.0,18.0,116.0,0.0,146.0,58.0,4.0,-4.972483,E.Moore,BUF,9.0,2025,20.0,30.0,0.030612244897959183,0.033455547
00-0039165,0.0,0.0,0.0,0.0,0.0,0.0,0.0,0.0,0.0,0.0,0.0,189.0,750.0,12.0,49.0,-1.1633878,20.0,24.0,144.0,0.0,40.0,123.0,7.0,0.6735498,Z.Charbonnet,SEA,17.0,2025,161.4,181.4,0.03940886699507389,0.0076878723
00-0034771,39.0,55.0,312.0,2.0,2.0,2.0,12.0,272.0,256.0,18.0,3.7606668,7.0,6.0,0.0,2.0,1.3411727,0.0,0.0,0.0,0.0,0.0,0.0,0.0,0.0,M.Rudolph,PIT,5.0,2025,19.08,19.08,0.0,0.0
00-0034854,0.0,0.0,0.0,0.0,0.0,0.0,0.0,0.0,0.0,0.0,0.0,0.0,0.0,0.0,0.0,0.0,3.0,10.0,31.0,0.0,150.0,9.0,2.0,-2.792162,K.Hodge,ATL,3.0,2025,3.1000001,6.1000004,0.01968503937007874,0.036540803
00-0040259,0.0,0.0,0.0,0.0,0.0,0.0,0.0,0.0,0.0,0.0,0.0,1.0,3.0,0.0,0.0,-0.8114259,7.0,15.0,71.0,0.0,125.0,28.0,3.0,-4.781514,G.Larvadain,CLE,6.0,2025,7.4,14.4,0.028462998102466792,0.03459729
00-0032104,0.0,0.0,0.0,0.0,0.0,0.0,0.0,0.0,0.0,0.0,0.0,14.0,60.0,1.0,3.0,0.94798243,16.0,17.0,99.0,0.0,-3.0,105.0,4.0,0.81374866,A.Abdullah,IND,11.0,2025,21.900002,37.9,0.032692307692307694,-0.000746826
00-0036252,0.0,0.0,0.0,0.0,0.0,0.0,0.0,0.0,0.0,0.0,0.0,0.0,0.0,0.0,0.0,0.0,80.0,114.0,793.0,7.0,907.0,268.0,47.0,22.318666,M.Pittman,IND,17.0,2025,121.3,201.3,0.21923076923076923,0.2257904
00-0038090,0.0,0.0,0.0,0.0,0.0,0.0,0.0,0.0,0.0,0.0,0.0,3.0,14.0,0.0,1.0,0.53546715,5.0,8.0,87.0,0.0,119.0,29.0,5.0,-0.42918634,S.Moore,SF,8.0,2025,10.099999,15.099999,0.013266998341625208,0.026503341
00-0034577,0.0,2.0,0.0,0.0,0.0,0.0,0.0,10.0,0.0,0.0,-1.3552654,3.0,-3.0,0.0,0.0,0.0,0.0,0.0,0.0,0.0,0.0,0.0,0.0,0.0,K.Allen,DET,2.0,2025,-0.3,-0.3,0.0,0.0
00-0037524,0.0,0.0,0.0,0.0,0.0,0.0,0.0,0.0,0.0,0.0,0.0,0.0,0.0,0.0,0.0,0.0,2.0,2.0,23.0,0.0,18.0,5.0,1.0,2.532495,T.Martin,WAS,2.0,2025,2.3,4.3,0.004597701149425287,0.0048
00-0029892,0.0,0.0,0.0,0.0,0.0,0.0,0.0,0.0,0.0,0.0,0.0,3.0,-6.0,0.0,0.0,-7.3019624,29.0,33.0,273.0,2.0,144.0,145.0,13.0,11.497198,K.Juszczyk,SF,17.0,2025,38.7,67.7,0.05472636815920398,0.03207127
00-0033923,0.0,0.0,0.0,0.0,0.0,0.0,0.0,0.0,0.0,0.0,0.0,163.0,611.0,8.0,55.0,9.669424,18.0,25.0,143.0,1.0,0.0,153.0,8.0,1.3847699,K.Hunt,KC,17.0,2025,129.40001,147.40001,0.045207956600361664,0.0
00-0035500,0.0,0.0,0.0,0.0,0.0,0.0,0.0,0.0,0.0,0.0,0.0,7.0,15.0,1.0,1.0,-1.3889129,29.0,33.0,206.0,3.0,58.0,194.0,10.0,4.251081,G.Dortch,ARI,10.0,2025,46.1,75.1,0.052884615384615384,0.012920472
00-0035689,0.0,0.0,0.0,0.0,0.0,0.0,0.0,0.0,0.0,0.0,0.0,0.0,0.0,0.0,0.0,0.0,42.0,58.0,479.0,4.0,389.0,209.0,26.0,18.752806,D.Knox,BUF,18.0,2025,71.9,113.9,0.09863945578231292,0.0891384
00-0040363,0.0,0.0,0.0,0.0,0.0,0.0,0.0,0.0,0.0,0.0,0.0,0.0,0.0,0.0,0.0,0.0,4.0,4.0,35.0,0.0,12.0,23.0,3.0,5.319252,K.Latu,BUF,2.0,2025,3.5,7.5,0.006802721088435374,0.0027497709
00-0034855,343.0,584.0,3693.0,26.0,11.0,36.0,234.0,4406.0,1923.0,172.0,-3.3700533,55.0,382.0,1.0,27.0,35.72147,0.0,0.0,0.0,0.0,0.0,0.0,0.0,0.0,B.Mayfield,TB,17.0,2025,284.92,284.92,0.0,0.0
00-0033293,0.0,0.0,0.0,0.0,0.0,0.0,0.0,0.0,0.0,0.0,0.0,132.0,548.0,2.0,28.0,-2.37472,28.0,41.0,199.0,1.0,-25.0,227.0,9.0,-7.550731,A.Jones,MIN,12.0,2025,92.700005,120.700005,0.09050772626931568,-0.00698129
00-0038465,0.0,0.0,0.0,0.0,0.0,0.0,0.0,0.0,0.0,0.0,0.0,0.0,0.0,0.0,0.0,0.0,6.0,7.0,86.0,0.0,65.0,29.0,4.0,6.9498253,M.Heath,GB,5.0,2025,8.6,14.6,0.014,0.0144605115
00-0038824,0.0,0.0,0.0,0.0,0.0,0.0,0.0,0.0,0.0,0.0,0.0,0.0,0.0,0.0,0.0,0.0,2.0,4.0,34.0,1.0,70.0,0.0,1.0,-0.70493054,R.Miller,TB,4.0,2025,9.4,11.4,0.007339449541284404,0.016140189
00-0040398,88.0,173.0,739.0,2.0,7.0,19.0,125.0,867.0,417.0,35.0,-68.34386,13.0,49.0,0.0,4.0,-4.2883396,0.0,0.0,0.0,0.0,0.0,0.0,0.0,0.0,B.Cook,NYJ,5.0,2025,35.46,35.46,0.0,0.0
00-0037557,0.0,0.0,0.0,0.0,0.0,0.0,0.0,0.0,0.0,0.0,0.0,9.0,46.0,0.0,3.0,-1.0932207,0.0,1.0,0.0,0.0,4.0,0.0,0.0,-0.6263364,R.Rivers,LA,2.0,2025,4.6,4.6,0.0014347202295552368,0.0006036825
00-0034959,0.0,0.0,0.0,0.0,0.0,0.0,0.0,0.0,0.0,0.0,0.0,1.0,5.0,0.0,1.0,1.3011814,6.0,9.0,45.0,2.0,38.0,20.0,4.0,-0.22491854,A.Beck,NYJ,7.0,2025,17.0,23.0,0.018108651911468814,0.010913269
00-0033040,0.0,0.0,0.0,0.0,0.0,0.0,0.0,0.0,0.0,0.0,0.0,0.0,0.0,0.0,0.0,0.0,21.0,29.0,265.0,1.0,399.0,57.0,17.0,19.834595,T.Hill,MIA,4.0,2025,32.5,53.5,0.06236559139784946,0.12090909
00-0035140,0.0,0.0,0.0,0.0,0.0,0.0,0.0,0.0,0.0,0.0,0.0,0.0,0.0,0.0,0.0,0.0,1.0,3.0,4.0,1.0,69.0,2.0,1.0,0.31723017,M.Hardman,BUF,2.0,2025,6.4,7.4,0.00510204081632653,0.015811183
00-0037261,0.0,0.0,0.0,0.0,0.0,0.0,0.0,0.0,0.0,0.0,0.0,1.0,5.0,0.0,0.0,-0.10540814,91.0,118.0,843.0,4.0,394.0,621.0,34.0,14.706656,K.Shakir,BUF,18.0,2025,108.8,199.8,0.20068027210884354,0.09028415
00-0035956,0.0,0.0,0.0,0.0,0.0,0.0,0.0,0.0,0.0,0.0,0.0,0.0,0.0,0.0,0.0,0.0,0.0,1.0,0.0,0.0,3.0,0.0,0.0,-0.9018571,G.Ricci,DET,1.0,2025,0.0,0.0,0.0018181818181818182,0.000816771
00-0037304,0.0,0.0,0.0,0.0,0.0,0.0,0.0,0.0,0.0,0.0,0.0,15.0,43.0,2.0,11.0,8.556202,3.0,4.0,21.0,1.0,26.0,5.0,1.0,1.4109547,Co.Heyward,PIT,8.0,2025,24.4,27.4,0.006872852233676976,0.0070460704
00-0039603,0.0,0.0,0.0,0.0,0.0,0.0,0.0,0.0,0.0,0.0,0.0,17.0,78.0,0.0,5.0,2.1713102,0.0,0.0,0.0,0.0,0.0,0.0,0.0,0.0,B.Brooks,HOU,3.0,2025,7.8,7.8,0.0,0.0
00-0034386,0.0,0.0,0.0,0.0,0.0,0.0,0.0,0.0,0.0,0.0,0.0,0.0,0.0,0.0,0.0,0.0,3.0,4.0,30.0,0.0,33.0,14.0,1.0,1.3515022,J.Watson,HOU,2.0,2025,3.0,6.0,0.006339144215530904,0.0062713795
00-0038579,10.0,23.0,102.0,0.0,0.0,1.0,5.0,184.0,31.0,5.0,-5.8636923,1.0,7.0,0.0,0.0,0.1567705,0.0,0.0,0.0,0.0,0.0,0.0,0.0,0.0,A.O'Connell,LV,1.0,2025,4.7799997,4.7799997,0.0,0.0
00-0038609,0.0,0.0,0.0,0.0,0.0,0.0,0.0,0.0,0.0,0.0,0.0,0.0,0.0,0.0,0.0,0.0,0.0,1.0,0.0,0.0,1.0,0.0,0.0,-0.24714014,L.Wypler,CLE,1.0,2025,0.0,0.0,0.0018975332068311196,0.0002767783
00-0038608,0.0,0.0,0.0,0.0,0.0,0.0,0.0,0.0,0.0,0.0,0.0,0.0,0.0,0.0,0.0,0.0,42.0,66.0,719.0,7.0,1114.0,90.0,33.0,32.457623,K.Boutte,NE,18.0,2025,113.9,155.9,0.11055276381909548,0.19935577
00-0032268,139.0,244.0,1695.0,10.0,7.0,16.0,107.0,2294.0,639.0,79.0,-1.8813754,50.0,297.0,1.0,12.0,6.6958423,0.0,0.0,0.0,0.0,0.0,0.0,0.0,0.0,M.Mariota,WAS,10.0,2025,136.5,136.5,0.0,0.0
00-0034367,0.0,0.0,0.0,0.0,0.0,0.0,0.0,0.0,0.0,0.0,0.0,2.0,-2.0,0.0,0.0,-1.5138824,0.0,0.0,0.0,0.0,0.0,0.0,0.0,0.0,N.Miller-Hines,LAC,1.0,2025,-0.2,-0.2,0.0,0.0
00-0035662,0.0,0.0,0.0,0.0,0.0,0.0,0.0,0.0,0.0,0.0,0.0,0.0,0.0,0.0,0.0,0.0,49.0,74.0,587.0,5.0,836.0,190.0,29.0,22.347303,M.Brown,KC,16.0,2025,88.7,137.7,0.13381555153707053,0.19469027
00-0038953,0.0,0.0,0.0,0.0,0.0,0.0,0.0,0.0,0.0,0.0,0.0,0.0,0.0,0.0,0.0,0.0,7.0,12.0,42.0,0.0,85.0,14.0,2.0,-7.062778,D.Drummond,ATL,4.0,2025,4.2000003,11.200001,0.023622047244094488,0.020706456
00-0040024,0.0,0.0,0.0,0.0,0.0,0.0,0.0,0.0,0.0,0.0,0.0,0.0,0.0,0.0,0.0,0.0,10.0,12.0,101.0,0.0,118.0,22.0,7.0,5.764334,D.Cooper,PHI,6.0,2025,10.1,20.1,0.024193548387096774,0.026216397
00-0026300,34.0,54.0,372.0,1.0,2.0,2.0,14.0,313.0,213.0,21.0,4.4464054,12.0,55.0,1.0,4.0,-4.799325,0.0,0.0,0.0,0.0,0.0,0.0,0.0,0.0,J.Johnson,WAS,3.0,2025,28.380001,28.380001,0.0,0.0
00-0040646,0.0,0.0,0.0,0.0,0.0,0.0,0.0,0.0,0.0,0.0,0.0,0.0,0.0,0.0,0.0,0.0,2.0,3.0,4.0,0.0,22.0,4.0,0.0,-1.6252292,J.Royals,KC,1.0,2025,0.4,2.4,0.0054249547920434,0.005123428
00-0036898,91.0,169.0,915.0,5.0,1.0,8.0,60.0,1360.0,269.0,48.0,-16.720272,13.0,60.0,1.0,2.0,-0.84783196,0.0,0.0,0.0,0.0,0.0,0.0,0.0,0.0,D.Mills,HOU,6.0,2025,67.6,67.6,0.0,0.0
00-0036244,0.0,0.0,0.0,0.0,0.0,0.0,0.0,0.0,0.0,0.0,0.0,0.0,0.0,0.0,0.0,0.0,51.0,70.0,560.0,9.0,358.0,368.0,31.0,20.963064,C.Parkinson,LA,17.0,2025,110.0,161.0,0.10043041606886657,0.05402958
00-0036328,0.0,0.0,0.0,0.0,0.0,0.0,0.0,0.0,0.0,0.0,0.0,25.0,106.0,1.0,6.0,-4.7015185,2.0,3.0,6.0,0.0,-6.0,16.0,0.0,-1.2350233,A.Gibson,NE,5.0,2025,17.2,19.2,0.005025125628140704,-0.0010737294
00-0036887,0.0,0.0,0.0,0.0,0.0,0.0,0.0,0.0,0.0,0.0,0.0,0.0,0.0,0.0,0.0,0.0,12.0,17.0,86.0,2.0,43.0,52.0,6.0,-3.0640485,L.Farrell,SF,11.0,2025,20.6,32.6,0.028192371475953566,0.0095768375
00-0038611,0.0,0.0,0.0,0.0,0.0,0.0,0.0,0.0,0.0,0.0,0.0,112.0,500.0,6.0,32.0,6.197516,3.0,4.0,30.0,0.0,16.0,26.0,1.0,-3.3000505,C.Rodriguez,WAS,12.0,2025,89.0,92.0,0.009195402298850575,0.0042666667
00-0032950,110.0,188.0,1216.0,6.0,5.0,19.0,125.0,1288.0,573.0,58.0,6.3786764,11.0,57.0,0.0,3.0,-3.2482684,0.0,0.0,0.0,0.0,0.0,0.0,0.0,0.0,C.Wentz,MIN,5.0,2025,73.34,73.34,0.0,0.0
00-0038124,0.0,0.0,0.0,0.0,0.0,0.0,0.0,0.0,0.0,0.0,0.0,1.0,3.0,0.0,0.0,-0.18509085,38.0,62.0,647.0,7.0,1067.0,146.0,30.0,36.862457,C.Watson,GB,11.0,2025,107.00001,145.0,0.124,0.23737486
00-0039021,0.0,0.0,0.0,0.0,0.0,0.0,0.0,0.0,0.0,0.0,0.0,2.0,17.0,0.0,1.0,1.3584852,0.0,0.0,0.0,0.0,0.0,0.0,0.0,0.0,R.Johnson,CHI,2.0,2025,1.7,1.7,0.0,0.0
00-0039146,0.0,0.0,0.0,0.0,0.0,0.0,0.0,0.0,0.0,0.0,0.0,4.0,42.0,0.0,2.0,2.457584,23.0,29.0,250.0,2.0,272.0,101.0,10.0,14.194375,J.Reed,GB,6.0,2025,41.2,64.2,0.058,0.06051168
00-0039648,0.0,0.0,0.0,0.0,0.0,0.0,0.0,0.0,0.0,0.0,0.0,0.0,0.0,0.0,0.0,0.0,4.0,6.0,30.0,1.0,23.0,16.0,3.0,-0.97690713,D.Martin-Robinson,TEN,4.0,2025,9.0,13.0,0.011787819253438114,0.006112145
00-0034351,0.0,0.0,0.0,0.0,0.0,0.0,0.0,0.0,0.0,0.0,0.0,1.0,1.0,1.0,1.0,1.0880741,64.0,89.0,624.0,12.0,670.0,243.0,36.0,37.941856,D.Goedert,PHI,16.0,2025,140.5,204.5,0.17943548387096775,0.1488558
00-0038951,0.0,0.0,0.0,0.0,0.0,0.0,0.0,0.0,0.0,0.0,0.0,86.0,320.0,7.0,22.0,-3.6563265,8.0,11.0,34.0,1.0,-10.0,49.0,1.0,-3.1610324,S.Tucker,TB,14.0,2025,83.4,91.4,0.02018348623853211,-0.0023057412
00-0036973,0.0,0.0,0.0,0.0,0.0,0.0,0.0,0.0,0.0,0.0,0.0,270.0,1174.0,7.0,51.0,-16.306292,41.0,57.0,341.0,7.0,-69.0,381.0,17.0,13.788464,T.Etienne,JAX,18.0,2025,235.5,276.5,0.09076433121019108,-0.012306046
00-0038728,0.0,0.0,0.0,0.0,0.0,0.0,0.0,0.0,0.0,0.0,0.0,0.0,0.0,0.0,0.0,0.0,2.0,2.0,20.0,0.0,17.0,3.0,1.0,0.59452236,J.Wayne,HOU,1.0,2025,2.0,4.0,0.003169572107765452,0.0032307107
00-0038643,0.0,0.0,0.0,0.0,0.0,0.0,0.0,0.0,0.0,0.0,0.0,0.0,0.0,0.0,0.0,0.0,0.0,1.0,0.0,0.0,2.0,0.0,0.0,-0.72944796,B.Willis,SF,1.0,2025,0.0,0.0,0.001658374792703151,0.0004454343
00-0040583,0.0,0.0,0.0,0.0,0.0,0.0,0.0,0.0,0.0,0.0,0.0,229.0,832.0,3.0,44.0,-35.469406,26.0,40.0,227.0,3.0,89.0,240.0,8.0,6.755025,W.Marks,HOU,18.0,2025,141.90001,167.90001,0.06339144215530904,0.016913721
00-0038752,0.0,0.0,0.0,0.0,0.0,0.0,0.0,0.0,0.0,0.0,0.0,0.0,0.0,0.0,0.0,0.0,4.0,5.0,53.0,1.0,36.0,16.0,3.0,4.3604136,J.Bobo,SEA,4.0,2025,11.3,15.3,0.008210180623973728,0.006919085
00-0040667,0.0,0.0,0.0,0.0,0.0,0.0,0.0,0.0,0.0,0.0,0.0,10.0,49.0,0.0,3.0,1.6796603,33.0,49.0,445.0,1.0,623.0,143.0,20.0,24.556267,M.Golden,GB,15.0,2025,55.4,88.4,0.098,0.13859844
00-0040189,0.0,0.0,0.0,0.0,0.0,0.0,0.0,0.0,0.0,0.0,0.0,0.0,0.0,0.0,0.0,0.0,52.0,72.0,694.0,3.0,639.0,236.0,30.0,19.405188,O.Gadsden,LAC,16.0,2025,87.4,139.4,0.1256544502617801,0.13750806
00-0036672,0.0,0.0,0.0,0.0,0.0,0.0,0.0,0.0,0.0,0.0,0.0,1.0,0.0,0.0,0.0,-2.7863297,0.0,0.0,0.0,0.0,0.0,0.0,0.0,0.0,G.Stuard,DET,1.0,2025,0.0,0.0,0.0,0.0
00-0038394,0.0,0.0,0.0,0.0,0.0,0.0,0.0,0.0,0.0,0.0,0.0,0.0,0.0,0.0,0.0,0.0,1.0,1.0,16.0,0.0,16.0,0.0,1.0,1.5176578,W.Mallory,IND,1.0,2025,1.6,2.6,0.0019230769230769232,0.003983072
00-0040194,0.0,0.0,0.0,0.0,0.0,0.0,0.0,0.0,0.0,0.0,0.0,0.0,0.0,0.0,0.0,0.0,16.0,19.0,187.0,3.0,139.0,91.0,13.0,14.83326,J.Hawes,BUF,13.0,2025,36.7,52.7,0.03231292517006803,0.03185151
00-0037258,0.0,0.0,0.0,0.0,0.0,0.0,0.0,0.0,0.0,0.0,0.0,14.0,36.0,0.0,1.0,-3.8775783,0.0,1.0,0.0,0.0,-4.0,0.0,0.0,-0.63129455,D.Pierce,KC,3.0,2025,3.6000001,3.6000001,0.0018083182640144665,-0.00093153236
00-0037801,0.0,0.0,0.0,0.0,0.0,0.0,0.0,0.0,0.0,0.0,0.0,17.0,89.0,0.0,3.0,-3.174481,26.0,38.0,396.0,2.0,339.0,214.0,16.0,16.721003,K.Turpin,DAL,15.0,2025,60.500004,86.5,0.06239737274220033,0.06883249
00-0034981,0.0,0.0,0.0,0.0,0.0,0.0,0.0,0.0,0.0,0.0,0.0,0.0,0.0,0.0,0.0,0.0,7.0,10.0,59.0,0.0,10.0,44.0,2.0,-3.7357056,F.Moreau,NO,7.0,2025,5.9,12.9,0.020964360587002098,0.002700513
00-0036322,0.0,0.0,0.0,0.0,0.0,0.0,0.0,0.0,0.0,0.0,0.0,2.0,7.0,0.0,0.0,-0.056719333,84.0,142.0,1048.0,2.0,1438.0,451.0,47.0,-13.828681,J.Jefferson,MIN,17.0,2025,117.5,201.5,0.31346578366445915,0.40156382
00-0035537,0.0,0.0,0.0,0.0,0.0,0.0,0.0,0.0,0.0,0.0,0.0,50.0,200.0,3.0,13.0,2.76325,24.0,33.0,231.0,2.0,-39.0,269.0,11.0,11.449484,Ty.Johnson,BUF,17.0,2025,73.1,97.1,0.05612244897959184,-0.008936755
00-0039342,0.0,0.0,0.0,0.0,0.0,0.0,0.0,0.0,0.0,0.0,0.0,1.0,0.0,0.0,0.0,-0.5305159,36.0,68.0,371.0,3.0,677.0,79.0,18.0,-7.2971787,X.Legette,CAR,16.0,2025,55.100002,91.100006,0.13102119460500963,0.18842193
00-0034983,0.0,0.0,0.0,0.0,0.0,0.0,0.0,0.0,0.0,0.0,0.0,0.0,0.0,0.0,0.0,0.0,15.0,26.0,89.0,2.0,194.0,24.0,8.0,-2.0028396,H.Renfrow,CAR,6.0,2025,20.900002,35.9,0.05009633911368015,0.053993877
00-0034270,0.0,0.0,0.0,0.0,0.0,0.0,0.0,0.0,0.0,0.0,0.0,1.0,2.0,0.0,1.0,0.5390935,7.0,10.0,101.0,0.0,45.0,57.0,3.0,-3.6796339,T.Conklin,LAC,6.0,2025,10.3,17.3,0.017452006980802792,0.009683667
00-0038705,0.0,0.0,0.0,0.0,0.0,0.0,0.0,0.0,0.0,0.0,0.0,44.0,312.0,0.0,9.0,-6.9014263,13.0,20.0,101.0,1.0,12.0,84.0,3.0,-1.5875545,E.Demercado,ARI,11.0,2025,47.300003,60.300003,0.03205128205128205,0.0026732013
00-0040187,0.0,0.0,0.0,0.0,0.0,0.0,0.0,0.0,0.0,0.0,0.0,1.0,1.0,0.0,1.0,1.7842922,19.0,26.0,171.0,2.0,88.0,108.0,9.0,2.3913047,M.Evans,CAR,14.0,2025,29.2,48.2,0.05009633911368015,0.024492068
00-0040170,0.0,0.0,0.0,0.0,0.0,0.0,0.0,0.0,0.0,0.0,0.0,0.0,0.0,0.0,0.0,0.0,41.0,89.0,515.0,4.0,1126.0,115.0,30.0,-9.595704,E.Ayomanor,TEN,16.0,2025,75.5,116.5,0.17485265225933203,0.29922932
00-0040218,0.0,0.0,0.0,0.0,0.0,0.0,0.0,0.0,0.0,0.0,0.0,8.0,69.0,0.0,3.0,4.3451133,11.0,17.0,108.0,0.0,126.0,71.0,4.0,1.3208308,Ji.Horn,CAR,10.0,2025,17.7,28.7,0.03275529865125241,0.035068188
00-0036290,0.0,1.0,0.0,0.0,0.0,0.0,0.0,13.0,0.0,0.0,-0.492736,1.0,1.0,0.0,0.0,-0.2959333,33.0,54.0,378.0,3.0,454.0,157.0,19.0,12.772982,C.Kmet,CHI,18.0,2025,55.899998,88.899994,0.0864,0.083089314
00-0040122,0.0,0.0,0.0,0.0,0.0,0.0,0.0,0.0,0.0,0.0,0.0,266.0,975.0,5.0,44.0,-65.18104,55.0,73.0,346.0,5.0,-104.0,452.0,13.0,-11.876716,A.Jeanty,LV,17.0,2025,192.1,247.1,0.15598290598290598,-0.035579883
00-0037525,0.0,0.0,0.0,0.0,0.0,0.0,0.0,0.0,0.0,0.0,0.0,159.0,758.0,6.0,45.0,-5.773454,14.0,16.0,51.0,0.0,-52.0,102.0,1.0,-4.6077332,J.Mason,MIN,16.0,2025,116.9,130.9,0.03532008830022075,-0.014521084
00-0037594,0.0,0.0,0.0,0.0,0.0,0.0,0.0,0.0,0.0,0.0,0.0,11.0,40.0,0.0,4.0,-3.2389956,0.0,2.0,0.0,0.0,22.0,0.0,0.0,-1.4518509,J.Chestnut,TEN,7.0,2025,4.0,4.0,0.003929273084479371,0.0058463993
00-0039459,0.0,0.0,0.0,0.0,0.0,0.0,0.0,0.0,0.0,0.0,0.0,0.0,0.0,0.0,0.0,0.0,0.0,1.0,0.0,0.0,3.0,0.0,0.0,-0.4726261,T.Benedet,CHI,1.0,2025,0.0,0.0,0.0016,0.0005490483
00-0037248,0.0,0.0,0.0,0.0,0.0,0.0,0.0,0.0,0.0,0.0,0.0,348.0,1784.0,12.0,76.0,-0.8306074,37.0,46.0,320.0,2.0,57.0,299.0,12.0,7.677187,J.Cook,BUF,19.0,2025,294.40002,331.40002,0.0782312925170068,0.013061412
00-0039589,0.0,0.0,0.0,0.0,0.0,0.0,0.0,0.0,0.0,0.0,0.0,2.0,13.0,0.0,1.0,0.060002297,4.0,7.0,64.0,1.0,88.0,20.0,3.0,0.5218191,K.Johnson,TB,4.0,2025,13.700001,17.7,0.012844036697247707,0.020290524
00-0032211,0.0,0.0,0.0,0.0,0.0,0.0,0.0,0.0,0.0,0.0,0.0,0.0,0.0,0.0,0.0,0.0,32.0,56.0,291.0,1.0,426.0,79.0,14.0,-8.545787,T.Lockett,LV,17.0,2025,35.1,67.1,0.11965811965811966,0.14574067
00-0037228,0.0,0.0,0.0,0.0,0.0,0.0,0.0,0.0,0.0,0.0,0.0,223.0,1001.0,6.0,55.0,-4.173152,41.0,46.0,337.0,2.0,-109.0,439.0,13.0,10.262439,J.Warren,PIT,17.0,2025,181.8,222.8,0.07903780068728522,-0.029539295
00-0035238,0.0,0.0,0.0,0.0,0.0,0.0,0.0,0.0,0.0,0.0,0.0,0.0,0.0,0.0,0.0,0.0,1.0,1.0,21.0,0.0,4.0,17.0,1.0,1.6709703,C.Ford,CIN,1.0,2025,2.1000001,3.1000001,0.0016366612111292963,0.0008762322
00-0035359,0.0,0.0,0.0,0.0,0.0,0.0,0.0,0.0,0.0,0.0,0.0,0.0,0.0,0.0,0.0,0.0,18.0,36.0,191.0,2.0,404.0,56.0,9.0,-1.7800314,D.Sills,ATL,12.0,2025,31.1,49.1,0.07086614173228346,0.09841657
00-0033591,0.0,0.0,0.0,0.0,0.0,0.0,0.0,0.0,0.0,0.0,0.0,0.0,0.0,0.0,0.0,0.0,5.0,10.0,83.0,0.0,145.0,11.0,3.0,2.2840257,N.Brown,WAS,4.0,2025,8.3,13.3,0.022988505747126436,0.038666666
00-0040126,0.0,0.0,0.0,0.0,0.0,0.0,0.0,0.0,0.0,0.0,0.0,1.0,-2.0,0.0,0.0,-0.8725153,70.0,109.0,906.0,6.0,1059.0,299.0,45.0,49.823185,C.Loveland,CHI,18.0,2025,126.4,196.4,0.1744,0.19381405
00-0036182,0.0,0.0,0.0,0.0,0.0,0.0,0.0,0.0,0.0,0.0,0.0,0.0,0.0,0.0,0.0,0.0,11.0,20.0,89.0,0.0,110.0,28.0,8.0,1.1621397,N.Westbrook-Ikhine,MIA,9.0,2025,8.900001,19.900002,0.043010752688172046,0.033333335
00-0039405,0.0,0.0,0.0,0.0,0.0,0.0,0.0,0.0,0.0,0.0,0.0,43.0,193.0,0.0,8.0,-8.994835,7.0,7.0,34.0,0.0,-6.0,40.0,2.0,0.33340454,J.Jordan,HOU,4.0,2025,22.7,29.7,0.011093502377179081,-0.0011402508
00-0033858,0.0,0.0,0.0,0.0,0.0,0.0,0.0,0.0,0.0,0.0,0.0,9.0,70.0,1.0,3.0,3.8470235,40.0,58.0,221.0,2.0,247.0,182.0,10.0,-0.9869281,J.Smith,PIT,18.0,2025,47.1,87.1,0.09965635738831616,0.06693767
00-0031408,0.0,0.0,0.0,0.0,0.0,0.0,0.0,0.0,0.0,0.0,0.0,0.0,0.0,0.0,0.0,0.0,30.0,62.0,368.0,3.0,824.0,37.0,23.0,5.266325,M.Evans,TB,8.0,2025,54.8,84.8,0.11376146788990826,0.18999308
00-0034837,0.0,0.0,0.0,0.0,0.0,0.0,0.0,0.0,0.0,0.0,0.0,0.0,0.0,0.0,0.0,0.0,17.0,36.0,303.0,0.0,453.0,84.0,13.0,12.221225,C.Ridley,TEN,7.0,2025,30.300001,47.300003,0.07072691552062868,0.120382674
00-0040238,0.0,0.0,0.0,0.0,0.0,0.0,0.0,0.0,0.0,0.0,0.0,24.0,97.0,0.0,5.0,-3.5298295,11.0,12.0,63.0,0.0,-16.0,71.0,0.0,-3.8002362,L.Allen,JAX,10.0,2025,16.0,27.0,0.01910828025477707,-0.0028535759
00-0039746,0.0,0.0,0.0,0.0,0.0,0.0,0.0,0.0,0.0,0.0,0.0,14.0,49.0,0.0,4.0,-3.599494,10.0,13.0,62.0,0.0,-4.0,63.0,2.0,-5.863602,W.Shipley,PHI,9.0,2025,11.1,21.1,0.02620967741935484,-0.0008886914
00-0036427,0.0,0.0,0.0,0.0,0.0,0.0,0.0,0.0,0.0,0.0,0.0,0.0,0.0,0.0,0.0,0.0,12.0,18.0,197.0,1.0,210.0,64.0,8.0,10.579077,T.Johnson,NYJ,9.0,2025,25.7,37.7,0.03621730382293763,0.060310166
00-0031345,0.0,0.0,0.0,0.0,0.0,0.0,0.0,0.0,0.0,0.0,0.0,9.0,-10.0,0.0,0.0,0.0,0.0,0.0,0.0,0.0,0.0,0.0,0.0,0.0,J.Garoppolo,LA,3.0,2025,-1.0,-1.0,0.0,0.0
00-0037692,0.0,0.0,0.0,0.0,0.0,0.0,0.0,0.0,0.0,0.0,0.0,1.0,6.0,0.0,1.0,2.7246628,0.0,0.0,0.0,0.0,0.0,0.0,0.0,0.0,B.Aubrey,DAL,1.0,2025,0.6,0.6,0.0,0.0
00-0023459,344.0,564.0,3468.0,24.0,8.0,33.0,216.0,3300.0,2192.0,149.0,-12.515732,21.0,61.0,1.0,4.0,-2.951207,1.0,1.0,-9.0,0.0,-9.0,0.0,0.0,-1.5339853,A.Rodgers,PIT,17.0,2025,237.92001,238.92001,0.001718213058419244,-0.0024390244
00-0036679,7.0,19.0,88.0,0.0,0.0,5.0,22.0,138.0,28.0,4.0,-6.825473,1.0,4.0,0.0,0.0,-0.8347058,0.0,0.0,0.0,0.0,0.0,0.0,0.0,0.0,S.Buechele,KC,1.0,2025,3.92,3.92,0.0,0.0
00-0034860,0.0,0.0,0.0,0.0,0.0,0.0,0.0,0.0,0.0,0.0,0.0,0.0,0.0,0.0,0.0,0.0,9.0,11.0,127.0,0.0,105.0,86.0,4.0,-4.0326486,D.Pettis,NO,4.0,2025,12.7,21.7,0.023060796645702306,0.028355388
00-0039391,0.0,0.0,0.0,0.0,0.0,0.0,0.0,0.0,0.0,0.0,0.0,166.0,674.0,3.0,34.0,-16.762814,18.0,25.0,156.0,1.0,15.0,187.0,6.0,0.20725518,K.Vidal,LAC,13.0,2025,107.0,125.0,0.04363001745200698,0.003227889
00-0038558,0.0,0.0,0.0,0.0,0.0,0.0,0.0,0.0,0.0,0.0,0.0,0.0,0.0,0.0,0.0,0.0,31.0,44.0,364.0,1.0,242.0,229.0,16.0,14.642508,D.Washington,PIT,13.0,2025,42.4,73.4,0.07560137457044673,0.065582655
00-0040494,47.0,85.0,328.0,0.0,4.0,14.0,100.0,312.0,249.0,18.0,-58.54036,7.0,11.0,0.0,1.0,-0.123238444,0.0,0.0,0.0,0.0,0.0,0.0,0.0,0.0,M.Brosmer,MIN,6.0,2025,10.22,10.22,0.0,0.0
00-0039920,0.0,0.0,0.0,0.0,0.0,0.0,0.0,0.0,0.0,0.0,0.0,13.0,127.0,0.0,6.0,7.3167195,11.0,14.0,79.0,0.0,-7.0,68.0,5.0,-3.2238154,M.Corley,CLE,8.0,2025,20.6,31.6,0.026565464895635674,-0.001937448
00-0037276,0.0,0.0,0.0,0.0,0.0,0.0,0.0,0.0,0.0,0.0,0.0,17.0,47.0,0.0,1.0,-5.5063195,3.0,4.0,11.0,0.0,-20.0,27.0,1.0,-0.8390053,T.Chandler,MIN,2.0,2025,5.8,8.8,0.008830022075055188,-0.005585032
00-0038359,0.0,0.0,0.0,0.0,0.0,0.0,0.0,0.0,0.0,0.0,0.0,0.0,0.0,0.0,0.0,0.0,18.0,24.0,303.0,0.0,405.0,107.0,11.0,21.93494,X.Smith,LA,10.0,2025,30.300001,48.300003,0.03443328550932568,0.06112285
00-0038129,0.0,0.0,0.0,0.0,0.0,0.0,0.0,0.0,0.0,0.0,0.0,0.0,0.0,0.0,0.0,0.0,59.0,82.0,572.0,1.0,419.0,309.0,25.0,3.0803256,C.Otton,TB,15.0,2025,63.2,122.2,0.15045871559633028,0.09661056
00-0033854,0.0,0.0,0.0,0.0,0.0,0.0,0.0,0.0,0.0,0.0,0.0,11.0,25.0,1.0,1.0,-3.6617458,10.0,13.0,76.0,0.0,24.0,56.0,3.0,-9.227101,D.Ogunbowale,HOU,8.0,2025,16.1,26.1,0.020602218700475437,0.0045610033
00-0036963,0.0,0.0,0.0,0.0,0.0,0.0,0.0,0.0,0.0,0.0,0.0,3.0,9.0,0.0,1.0,0.5569902,117.0,172.0,1401.0,11.0,1390.0,570.0,71.0,55.614716,A.St. Brown,DET,17.0,2025,207.0,324.0,0.31272727272727274,0.37843725
00-0026158,251.0,432.0,2479.0,15.0,10.0,18.0,118.0,3048.0,1148.0,115.0,-49.139683,21.0,35.0,1.0,9.0,5.423835,0.0,0.0,0.0,0.0,0.0,0.0,0.0,0.0,J.Flacco,CIN,12.0,2025,158.66,158.66,0.0,0.0
00-0039364,0.0,0.0,0.0,0.0,0.0,0.0,0.0,0.0,0.0,0.0,0.0,1.0,4.0,0.0,0.0,-0.88156277,0.0,0.0,0.0,0.0,0.0,0.0,0.0,0.0,S.Vaki,DET,1.0,2025,0.4,0.4,0.0,0.0
00-0037746,0.0,0.0,0.0,0.0,0.0,0.0,0.0,0.0,0.0,0.0,0.0,95.0,404.0,2.0,20.0,-3.046463,9.0,13.0,28.0,0.0,3.0,35.0,1.0,-4.3933115,B.Robinson,SF,16.0,2025,55.2,64.2,0.02155887230514096,0.0006681514
00-0039355,0.0,0.0,0.0,0.0,0.0,0.0,0.0,0.0,0.0,0.0,0.0,0.0,0.0,0.0,0.0,0.0,11.0,15.0,203.0,3.0,218.0,69.0,6.0,8.398311,L.McCaffrey,WAS,7.0,2025,38.300003,49.300003,0.034482758620689655,0.058133334
00-0038128,30.0,38.0,422.0,3.0,0.0,3.0,15.0,354.0,126.0,19.0,28.084425,22.0,123.0,2.0,9.0,1.0631123,0.0,0.0,0.0,0.0,0.0,0.0,0.0,0.0,M.Willis,GB,4.0,2025,53.18,53.18,0.0,0.0
00-0037539,0.0,0.0,0.0,0.0,0.0,0.0,0.0,0.0,0.0,0.0,0.0,0.0,0.0,0.0,0.0,0.0,2.0,4.0,15.0,0.0,20.0,4.0,0.0,-2.383334,L.Krull,DEN,2.0,2025,1.5,3.5,0.006033182503770739,0.004036327
00-0033699,0.0,0.0,0.0,0.0,0.0,0.0,0.0,0.0,0.0,0.0,0.0,14.0,43.0,0.0,3.0,-1.165347,5.0,7.0,38.0,0.0,12.0,49.0,2.0,0.2296933,A.Ekeler,WAS,2.0,2025,8.1,13.1,0.016091954022988506,0.0032
00-0038519,0.0,0.0,0.0,0.0,0.0,0.0,0.0,0.0,0.0,0.0,0.0,1.0,11.0,0.0,1.0,0.6427092,1.0,1.0,21.0,0.0,18.0,3.0,1.0,2.176662,N.Remigio,KC,1.0,2025,3.2000003,4.2000003,0.0018083182640144665,0.0041918955
00-0040466,0.0,0.0,0.0,0.0,0.0,0.0,0.0,0.0,0.0,0.0,0.0,27.0,92.0,1.0,7.0,0.90084904,3.0,4.0,21.0,0.0,14.0,14.0,0.0,1.1902075,R.Sanders,CLE,4.0,2025,17.3,20.3,0.007590132827324478,0.003874896
00-0040039,0.0,0.0,0.0,0.0,0.0,0.0,0.0,0.0,0.0,0.0,0.0,2.0,8.0,0.0,0.0,-0.05327481,0.0,1.0,0.0,0.0,-2.0,0.0,0.0,-0.7418476,A.Johnson,LAC,1.0,2025,0.8,0.8,0.0017452006980802793,-0.0004303852
00-0038041,0.0,0.0,0.0,0.0,0.0,0.0,0.0,0.0,0.0,0.0,0.0,1.0,1.0,0.0,0.0,-0.69436264,82.0,103.0,600.0,8.0,475.0,307.0,30.0,19.060186,J.Ferguson,DAL,17.0,2025,108.1,190.1,0.16912972085385877,0.0964467
00-0039376,174.0,272.0,1586.0,8.0,5.0,18.0,104.0,2030.0,642.0,74.0,-35.86403,31.0,167.0,0.0,17.0,8.63988,1.0,2.0,0.0,0.0,4.0,0.0,0.0,-5.092499,S.Rattler,NO,9.0,2025,107.14,108.14,0.0041928721174004195,0.0010802052
00-0039568,0.0,0.0,0.0,0.0,0.0,0.0,0.0,0.0,0.0,0.0,0.0,0.0,0.0,0.0,0.0,0.0,1.0,1.0,7.0,1.0,1.0,6.0,1.0,2.0322406,F.Crum,DEN,1.0,2025,6.7,7.7,0.0015082956259426848,0.00020181635
00-0030565,302.0,503.0,3025.0,19.0,17.0,55.0,405.0,2763.0,1713.0,148.0,-73.60748,41.0,109.0,0.0,13.0,-1.6735542,0.0,0.0,0.0,0.0,0.0,0.0,0.0,0.0,G.Smith,LV,15.0,2025,190.9,190.9,0.0,0.0
00-0037241,0.0,0.0,0.0,0.0,0.0,0.0,0.0,0.0,0.0,0.0,0.0,0.0,0.0,0.0,0.0,0.0,0.0,1.0,0.0,0.0,5.0,0.0,0.0,-0.9967377,T.Penning,LAC,1.0,2025,0.0,0.0,0.0017452006980802793,0.001075963
00-0036849,0.0,0.0,0.0,0.0,0.0,0.0,0.0,0.0,0.0,0.0,0.0,0.0,0.0,0.0,0.0,0.0,6.0,15.0,192.0,1.0,302.0,67.0,4.0,2.7755194,T.Atwell,LA,8.0,2025,25.2,31.2,0.021520803443328552,0.045578025
00-0039521,0.0,0.0,0.0,0.0,0.0,0.0,0.0,0.0,0.0,0.0,0.0,0.0,0.0,0.0,0.0,0.0,7.0,13.0,67.0,0.0,192.0,20.0,2.0,1.147947,X.Weaver,ARI,6.0,2025,6.7000003,13.700001,0.020833333333333332,0.04277122
00-0038619,0.0,0.0,0.0,0.0,0.0,0.0,0.0,0.0,0.0,0.0,0.0,3.0,14.0,0.0,0.0,-0.14851664,33.0,58.0,435.0,2.0,606.0,103.0,24.0,11.676758,A.Iosivas,CIN,15.0,2025,56.9,89.9,0.09492635024549918,0.13274918
00-0036841,0.0,0.0,0.0,0.0,0.0,0.0,0.0,0.0,0.0,0.0,0.0,0.0,0.0,0.0,0.0,0.0,3.0,10.0,46.0,0.0,130.0,2.0,2.0,-4.9708405,A.Trammell,JAX,5.0,2025,4.6,7.6,0.01592356687898089,0.023185303
00-0040581,0.0,0.0,0.0,0.0,0.0,0.0,0.0,0.0,0.0,0.0,0.0,0.0,0.0,0.0,0.0,0.0,10.0,30.0,135.0,0.0,497.0,38.0,7.0,-12.038327,D.Thornton,LV,11.0,2025,13.5,23.5,0.0641025641025641,0.17003079
00-0037475,0.0,0.0,0.0,0.0,0.0,0.0,0.0,0.0,0.0,0.0,0.0,0.0,0.0,0.0,0.0,0.0,7.0,9.0,52.0,0.0,42.0,27.0,3.0,2.3876514,S.Smartt,NYJ,3.0,2025,5.2000003,12.200001,0.018108651911468814,0.012062034
00-0038783,0.0,0.0,0.0,0.0,0.0,0.0,0.0,0.0,0.0,0.0,0.0,0.0,0.0,0.0,0.0,0.0,7.0,12.0,49.0,1.0,36.0,26.0,3.0,-1.1964462,N.Adkins,DEN,7.0,2025,10.9,17.9,0.01809954751131222,0.0072653885
00-0037015,0.0,0.0,0.0,0.0,0.0,0.0,0.0,0.0,0.0,0.0,0.0,0.0,0.0,0.0,0.0,0.0,2.0,5.0,11.0,0.0,55.0,5.0,1.0,-8.819504,S.Cannella,CLE,2.0,2025,1.1,3.1,0.009487666034155597,0.0152228065
00-0035250,0.0,1.0,0.0,0.0,0.0,0.0,0.0,0.0,0.0,0.0,1.053,119.0,437.0,5.0,27.0,-2.765946,18.0,19.0,151.0,0.0,-12.0,162.0,4.0,2.2629662,D.Singletary,NYG,17.0,2025,88.799995,106.799995,0.03725490196078431,-0.002826855
00-0039739,0.0,0.0,0.0,0.0,0.0,0.0,0.0,0.0,0.0,0.0,0.0,0.0,0.0,0.0,0.0,0.0,12.0,21.0,166.0,2.0,277.0,66.0,7.0,4.0691257,R.Wilson,PIT,9.0,2025,28.6,40.6,0.03608247422680412,0.07506775
00-0040586,0.0,0.0,0.0,0.0,0.0,0.0,0.0,0.0,0.0,0.0,0.0,38.0,129.0,1.0,7.0,-7.4876356,1.0,1.0,5.0,0.0,-5.0,10.0,0.0,-0.11936173,J.Blue,DAL,5.0,2025,19.400002,20.400002,0.0016420361247947454,-0.0010152285
00-0034775,0.0,0.0,0.0,0.0,0.0,0.0,0.0,0.0,0.0,0.0,0.0,0.0,0.0,0.0,0.0,0.0,38.0,68.0,403.0,3.0,506.0,174.0,20.0,-10.382237,C.Kirk,HOU,13.0,2025,58.3,96.3,0.10776545166402536,0.09616116
00-0035602,0.0,0.0,0.0,0.0,0.0,0.0,0.0,0.0,0.0,0.0,0.0,0.0,0.0,0.0,0.0,0.0,2.0,3.0,12.0,0.0,14.0,2.0,2.0,1.0650289,A.Bachman,LV,3.0,2025,1.2,3.2,0.00641025641025641,0.0047895997
00-0034796,192.0,338.0,2549.0,21.0,7.0,36.0,239.0,2648.0,1064.0,109.0,6.8632145,67.0,349.0,2.0,24.0,20.608719,0.0,0.0,0.0,0.0,0.0,0.0,0.0,0.0,L.Jackson,BAL,13.0,2025,225.85999,225.85999,0.0,0.0
00-0039356,0.0,0.0,0.0,0.0,0.0,0.0,0.0,0.0,0.0,0.0,0.0,0.0,0.0,0.0,0.0,0.0,29.0,34.0,190.0,1.0,164.0,86.0,8.0,4.416995,J.Sanders,CAR,11.0,2025,25.0,54.0,0.06551059730250482,0.04564431
00-0040245,0.0,0.0,0.0,0.0,0.0,0.0,0.0,0.0,0.0,0.0,0.0,0.0,0.0,0.0,0.0,0.0,1.0,1.0,-1.0,0.0,-6.0,5.0,0.0,-1.2148527,C.Colby,SF,1.0,2025,-0.1,0.9,0.001658374792703151,-0.0013363028
00-0039917,166.0,290.0,1982.0,9.0,3.0,13.0,101.0,2300.0,888.0,99.0,-1.1143136,21.0,70.0,1.0,5.0,7.11184,0.0,0.0,0.0,0.0,0.0,0.0,0.0,0.0,M.Penix,ATL,9.0,2025,125.28,125.28,0.0,0.0
00-0033885,0.0,0.0,0.0,0.0,0.0,0.0,0.0,0.0,0.0,0.0,0.0,0.0,0.0,0.0,0.0,0.0,33.0,48.0,293.0,4.0,253.0,160.0,11.0,-3.614772,D.Njoku,CLE,11.0,2025,53.300003,86.3,0.09108159392789374,0.07002491
00-0035659,0.0,0.0,0.0,0.0,0.0,0.0,0.0,0.0,0.0,0.0,0.0,0.0,0.0,0.0,0.0,0.0,38.0,60.0,582.0,3.0,839.0,93.0,33.0,31.749826,T.McLaurin,WAS,10.0,2025,76.2,114.2,0.13793103448275862,0.22373334
00-0040165,0.0,0.0,0.0,0.0,0.0,0.0,0.0,0.0,0.0,0.0,0.0,0.0,0.0,0.0,0.0,0.0,1.0,1.0,3.0,0.0,3.0,0.0,1.0,2.8565037,M.Moore,NYJ,1.0,2025,0.3,1.3,0.002012072434607646,0.0008615738
00-0037252,0.0,0.0,0.0,0.0,0.0,0.0,0.0,0.0,0.0,0.0,0.0,1.0,-7.0,0.0,0.0,-1.6294796,26.0,34.0,335.0,1.0,155.0,199.0,14.0,17.511189,G.Dulcich,MIA,9.0,2025,38.8,64.8,0.07311827956989247,0.046969697
00-0037340,0.0,0.0,0.0,0.0,0.0,0.0,0.0,0.0,0.0,0.0,0.0,0.0,0.0,0.0,0.0,0.0,2.0,3.0,17.0,0.0,13.0,5.0,1.0,1.1455184,Z.Mitchell-Paden,NO,3.0,2025,1.7,3.7,0.006289308176100629,0.003510667
00-0038563,0.0,0.0,0.0,0.0,0.0,0.0,0.0,0.0,0.0,0.0,0.0,11.0,51.0,0.0,1.0,-0.46953458,57.0,92.0,696.0,5.0,935.0,291.0,32.0,21.818872,T.Tucker,LV,17.0,2025,104.7,161.7,0.19658119658119658,0.31987685
00-0040673,0.0,0.0,0.0,0.0,0.0,0.0,0.0,0.0,0.0,0.0,0.0,3.0,4.0,0.0,0.0,-6.4411383,0.0,0.0,0.0,0.0,0.0,0.0,0.0,0.0,J.Milroe,SEA,3.0,2025,0.4,0.4,0.0,0.0
00-0034869,379.0,599.0,4720.0,30.0,14.0,33.0,237.0,4556.0,2065.0,215.0,86.75628,40.0,109.0,0.0,12.0,-14.732472,0.0,0.0,0.0,0.0,0.0,0.0,0.0,0.0,S.Darnold,SEA,20.0,2025,305.69998,305.69998,0.0,0.0
00-0039912,0.0,0.0,0.0,0.0,0.0,0.0,0.0,0.0,0.0,0.0,0.0,0.0,0.0,0.0,0.0,0.0,11.0,13.0,114.0,1.0,106.0,63.0,5.0,3.231156,B.Sinnott,WAS,8.0,2025,17.400002,28.400002,0.029885057471264367,0.028266666
00-0033949,7.0,10.0,65.0,0.0,0.0,0.0,0.0,119.0,48.0,3.0,-0.07194328,10.0,-5.0,0.0,0.0,-6.632653,0.0,0.0,0.0,0.0,0.0,0.0,0.0,0.0,J.Dobbs,NE,4.0,2025,2.1,2.1,0.0,0.0
00-0037617,0.0,0.0,0.0,0.0,0.0,0.0,0.0,0.0,0.0,0.0,0.0,17.0,47.0,0.0,4.0,-2.887283,4.0,4.0,13.0,0.0,-3.0,16.0,0.0,-1.5134393,H.Haskins,LAC,5.0,2025,6.0000005,10.0,0.006980802792321117,-0.0006455778
00-0036139,0.0,0.0,0.0,0.0,0.0,0.0,0.0,0.0,0.0,0.0,0.0,241.0,1085.0,6.0,51.0,-3.977435,40.0,52.0,303.0,1.0,-48.0,361.0,14.0,-1.3568261,R.Dowdle,CAR,18.0,2025,180.8,220.8,0.1001926782273603,-0.01335931
00-0033119,315.0,530.0,3366.0,23.0,8.0,43.0,288.0,3697.0,1557.0,165.0,-6.3437476,38.0,168.0,1.0,16.0,7.4627957,0.0,0.0,0.0,0.0,0.0,0.0,0.0,0.0,J.Brissett,ARI,13.0,2025,241.44,241.44,0.0,0.0
00-0036331,0.0,0.0,0.0,0.0,0.0,0.0,0.0,0.0,0.0,0.0,0.0,0.0,0.0,0.0,0.0,0.0,2.0,5.0,26.0,0.0,75.0,0.0,1.0,-0.30878022,D.Duvernay,CHI,3.0,2025,2.6000001,4.6000004,0.008,0.013726208
00-0037238,0.0,0.0,0.0,0.0,0.0,0.0,0.0,0.0,0.0,0.0,0.0,0.0,0.0,0.0,0.0,0.0,68.0,113.0,919.0,7.0,1221.0,229.0,46.0,24.780596,D.London,ATL,12.0,2025,133.9,201.9,0.22244094488188976,0.29744214
00-0034928,0.0,0.0,0.0,0.0,0.0,0.0,0.0,0.0,0.0,0.0,0.0,0.0,0.0,0.0,0.0,0.0,0.0,1.0,0.0,0.0,2.0,0.0,0.0,-0.5559912,S.Sims,ARI,1.0,2025,0.0,0.0,0.0016025641025641025,0.00044553351
00-0040590,0.0,0.0,0.0,0.0,0.0,0.0,0.0,0.0,0.0,0.0,0.0,0.0,0.0,0.0,0.0,0.0,13.0,29.0,114.0,1.0,369.0,38.0,8.0,-11.775735,K.Mumpfield,LA,12.0,2025,17.400002,30.400002,0.04160688665710186,0.055689707
00-0033757,0.0,0.0,0.0,0.0,0.0,0.0,0.0,0.0,0.0,0.0,0.0,0.0,0.0,0.0,0.0,0.0,1.0,1.0,1.0,0.0,1.0,0.0,0.0,-0.51853365,R.Tonyan,KC,1.0,2025,0.1,1.1,0.0018083182640144665,0.00023288309
00-0036442,173.0,278.0,1809.0,17.0,5.0,17.0,113.0,1868.0,818.0,100.0,27.562489,14.0,41.0,0.0,5.0,3.5651941,0.0,0.0,0.0,0.0,0.0,0.0,0.0,0.0,J.Burrow,CIN,8.0,2025,139.46,139.46,0.0,0.0
00-0033077,404.0,630.0,4552.0,30.0,10.0,31.0,208.0,4812.0,2021.0,220.0,104.05973,53.0,177.0,2.0,15.0,-9.431145,0.0,0.0,0.0,0.0,0.0,0.0,0.0,0.0,D.Prescott,DAL,17.0,2025,321.78003,321.78003,0.0,0.0
00-0034791,0.0,0.0,0.0,0.0,0.0,0.0,0.0,0.0,0.0,0.0,0.0,136.0,568.0,3.0,23.0,-8.627162,13.0,21.0,67.0,0.0,24.0,63.0,1.0,-3.0226634,N.Chubb,HOU,17.0,2025,81.5,94.5,0.03328050713153724,0.0045610033
00-0034073,0.0,0.0,0.0,0.0,0.0,0.0,0.0,0.0,0.0,0.0,0.0,0.0,0.0,0.0,0.0,0.0,2.0,5.0,7.0,0.0,1.0,7.0,0.0,-2.5642958,R.Dwelley,DET,3.0,2025,0.7,2.7,0.00909090909090909,0.00027225702
00-0036754,0.0,0.0,0.0,0.0,0.0,0.0,0.0,0.0,0.0,0.0,0.0,0.0,0.0,0.0,0.0,0.0,14.0,22.0,108.0,2.0,22.0,86.0,7.0,-1.9290247,B.Wright,DET,7.0,2025,22.8,36.8,0.04,0.0059896545
00-0033662,34.0,53.0,303.0,0.0,4.0,1.0,16.0,335.0,149.0,13.0,-25.05178,4.0,-4.0,0.0,0.0,-5.581122,0.0,0.0,0.0,0.0,0.0,0.0,0.0,0.0,C.Rush,BAL,3.0,2025,7.72,7.72,0.0,0.0
00-0035042,0.0,0.0,0.0,0.0,0.0,0.0,0.0,0.0,0.0,0.0,0.0,1.0,-13.0,0.0,0.0,-3.7585702,0.0,0.0,0.0,0.0,0.0,0.0,0.0,0.0,J.Gillan,NYG,1.0,2025,-1.3000001,-1.3000001,0.0,0.0
00-0036590,0.0,0.0,0.0,0.0,0.0,0.0,0.0,0.0,0.0,0.0,0.0,0.0,0.0,0.0,0.0,0.0,6.0,9.0,55.0,1.0,45.0,21.0,4.0,-0.61821413,Q.Morris,JAX,5.0,2025,11.5,17.5,0.014331210191082803,0.0080256825
00-0040676,323.0,592.0,3169.0,15.0,7.0,55.0,410.0,3907.0,1547.0,153.0,-113.520615,39.0,159.0,2.0,15.0,8.4943,0.0,0.0,0.0,0.0,0.0,0.0,0.0,0.0,C.Ward,TEN,17.0,2025,207.65999,207.65999,0.0,0.0
00-0038397,0.0,0.0,0.0,0.0,0.0,0.0,0.0,0.0,0.0,0.0,0.0,19.0,48.0,0.0,2.0,-7.717944,1.0,1.0,6.0,0.0,-4.0,10.0,0.0,0.15124038,E.Hull,NO,6.0,2025,5.4,6.4,0.0020964360587002098,-0.0010802052
00-0032688,0.0,0.0,0.0,0.0,0.0,0.0,0.0,0.0,0.0,0.0,0.0,0.0,0.0,0.0,0.0,0.0,5.0,9.0,53.0,0.0,131.0,5.0,2.0,-0.271116,R.Chosen,WAS,3.0,2025,5.3,10.3,0.020689655172413793,0.034933332
00-0039394,0.0,0.0,0.0,0.0,0.0,0.0,0.0,0.0,0.0,0.0,0.0,0.0,0.0,0.0,0.0,0.0,6.0,14.0,94.0,0.0,262.0,12.0,6.0,3.7288785,Cas.Washington,ATL,5.0,2025,9.400001,15.400001,0.027559055118110236,0.0638246
00-0035228,110.0,177.0,962.0,6.0,3.0,16.0,111.0,941.0,545.0,50.0,5.720591,29.0,173.0,1.0,10.0,4.0887475,0.0,0.0,0.0,0.0,0.0,0.0,0.0,0.0,K.Murray,ARI,5.0,2025,82.78,82.78,0.0,0.0
00-0040534,0.0,0.0,0.0,0.0,0.0,0.0,0.0,0.0,0.0,0.0,0.0,2.0,10.0,0.0,0.0,-0.5578585,1.0,1.0,5.0,0.0,5.0,0.0,0.0,0.0076984987,K.Williams,CIN,2.0,2025,1.5,2.5,0.0016366612111292963,0.0010952903
00-0036876,0.0,0.0,0.0,0.0,0.0,0.0,0.0,0.0,0.0,0.0,0.0,0.0,0.0,0.0,0.0,0.0,7.0,9.0,40.0,0.0,68.0,13.0,3.0,-1.8645953,K.Granson,PHI,4.0,2025,4.0,11.0,0.018145161290322582,0.015107754
00-0040184,0.0,0.0,0.0,0.0,0.0,0.0,0.0,0.0,0.0,0.0,0.0,0.0,0.0,0.0,0.0,0.0,5.0,12.0,51.0,1.0,211.0,21.0,3.0,-4.915887,K.Lambert-Smith,LAC,7.0,2025,11.1,16.1,0.020942408376963352,0.045405637
00-0040736,0.0,0.0,0.0,0.0,0.0,0.0,0.0,0.0,0.0,0.0,0.0,0.0,0.0,0.0,0.0,0.0,44.0,66.0,369.0,1.0,375.0,133.0,23.0,9.696051,M.Taylor,NYJ,13.0,2025,42.9,86.9,0.13279678068410464,0.10769673
00-0040735,0.0,0.0,0.0,0.0,0.0,0.0,0.0,0.0,0.0,0.0,0.0,8.0,33.0,0.0,3.0,0.4873019,53.0,74.0,718.0,2.0,603.0,373.0,30.0,26.029913,L.Burden,CHI,17.0,2025,87.100006,140.1,0.1184,0.110358715
00-0038996,0.0,0.0,0.0,0.0,0.0,0.0,0.0,0.0,0.0,0.0,0.0,1.0,3.0,0.0,0.0,-0.68111545,32.0,44.0,489.0,6.0,201.0,344.0,22.0,39.12388,T.Kraft,GB,8.0,2025,85.2,117.2,0.088,0.04471635
00-0038994,0.0,0.0,0.0,0.0,0.0,0.0,0.0,0.0,0.0,0.0,0.0,2.0,81.0,1.0,2.0,7.7909536,42.0,79.0,610.0,3.0,1083.0,139.0,26.0,13.989371,J.Addison,MIN,14.0,2025,93.1,135.1,0.17439293598233996,0.3024295
00-0037666,0.0,0.0,0.0,0.0,0.0,0.0,0.0,0.0,0.0,0.0,0.0,0.0,0.0,0.0,0.0,0.0,18.0,35.0,203.0,1.0,408.0,46.0,12.0,4.9110317,J.Tolbert,DAL,11.0,2025,26.300001,44.300003,0.05747126436781609,0.08284264
00-0037240,0.0,0.0,0.0,0.0,0.0,0.0,0.0,0.0,0.0,0.0,0.0,6.0,12.0,0.0,0.0,-1.425712,65.0,102.0,1109.0,7.0,1289.0,433.0,49.0,56.168434,J.Williams,DET,17.0,2025,154.1,219.1,0.18545454545454546,0.35093927
00-0035567,0.0,0.0,0.0,0.0,0.0,0.0,0.0,0.0,0.0,0.0,0.0,3.0,4.0,0.0,0.0,-2.3583894,0.0,0.0,0.0,0.0,0.0,0.0,0.0,0.0,C.Reynolds,DET,1.0,2025,0.4,0.4,0.0,0.0
00-0035229,0.0,0.0,0.0,0.0,0.0,0.0,0.0,0.0,0.0,0.0,0.0,1.0,0.0,0.0,0.0,-1.1067849,51.0,66.0,438.0,3.0,329.0,219.0,22.0,14.095465,T.Hockenson,MIN,15.0,2025,61.8,112.8,0.1456953642384106,0.09187378
00-0037324,35.0,62.0,235.0,1.0,0.0,8.0,93.0,277.0,156.0,10.0,-29.95767,5.0,18.0,0.0,0.0,-5.5692387,0.0,0.0,0.0,0.0,0.0,0.0,0.0,0.0,C.Oladokun,KC,3.0,2025,15.2,15.2,0.0,0.0
00-0036554,0.0,0.0,0.0,0.0,0.0,0.0,0.0,0.0,0.0,0.0,0.0,2.0,15.0,1.0,1.0,1.9955103,74.0,128.0,1138.0,6.0,1587.0,332.0,49.0,37.589718,N.Collins,HOU,16.0,2025,157.3,231.3,0.20285261489698891,0.30159634
00-0036842,0.0,0.0,0.0,0.0,0.0,0.0,0.0,0.0,0.0,0.0,0.0,13.0,49.0,0.0,2.0,-3.1822793,0.0,1.0,0.0,0.0,-6.0,0.0,0.0,-0.84736687,K.Nwangwu,NYJ,2.0,2025,4.9,4.9,0.002012072434607646,-0.0017231476
00-0040522,0.0,0.0,0.0,0.0,0.0,0.0,0.0,0.0,0.0,0.0,0.0,0.0,0.0,0.0,0.0,0.0,3.0,7.0,41.0,0.0,77.0,9.0,3.0,3.0452237,X.Restrepo,TEN,2.0,2025,4.1,7.1,0.0137524557956778,0.020462397
00-0039737,0.0,0.0,0.0,0.0,0.0,0.0,0.0,0.0,0.0,0.0,0.0,0.0,0.0,0.0,0.0,0.0,3.0,5.0,18.0,0.0,26.0,7.0,1.0,0.006676674,T.Reiman,ARI,3.0,2025,1.8000001,4.8,0.008012820512820512,0.005791936
00-0039796,0.0,0.0,0.0,0.0,0.0,0.0,0.0,0.0,0.0,0.0,0.0,7.0,24.0,0.0,1.0,-3.7214465,9.0,11.0,68.0,1.0,-1.0,83.0,2.0,-0.77999485,R.Ali,BAL,5.0,2025,15.200001,24.2,0.02702702702702703,-0.0002965599
00-0040198,0.0,0.0,0.0,0.0,0.0,0.0,0.0,0.0,0.0,0.0,0.0,70.0,199.0,3.0,21.0,-9.571184,7.0,9.0,32.0,1.0,-25.0,57.0,1.0,-3.4463787,O.Gordon,MIA,16.0,2025,47.100002,54.100002,0.01935483870967742,-0.007575758
00-0039732,414.0,684.0,4210.0,28.0,12.0,22.0,119.0,4792.0,2209.0,209.0,61.38711,95.0,385.0,5.0,29.0,8.101259,0.0,1.0,0.0,0.0,2.0,0.0,0.0,-0.45860767,B.Nix,DEN,18.0,2025,336.9,336.9,0.0015082956259426848,0.0004036327
00-0038911,0.0,0.0,0.0,0.0,0.0,0.0,0.0,0.0,0.0,0.0,0.0,1.0,1.0,0.0,0.0,-0.49753964,0.0,0.0,0.0,0.0,0.0,0.0,0.0,0.0,M.Cunningham,DET,1.0,2025,0.1,0.1,0.0,0.0
00-0039041,0.0,0.0,0.0,0.0,0.0,0.0,0.0,0.0,0.0,0.0,0.0,0.0,0.0,0.0,0.0,0.0,30.0,37.0,301.0,0.0,148.0,209.0,15.0,1.4276836,E.Higgins,ARI,15.0,2025,30.1,60.1,0.05929487179487179,0.032969482
00-0039631,0.0,0.0,0.0,0.0,0.0,0.0,0.0,0.0,0.0,0.0,0.0,0.0,0.0,0.0,0.0,0.0,2.0,2.0,7.0,0.0,-6.0,13.0,0.0,-0.35162097,C.Grandy,CIN,2.0,2025,0.7,2.7,0.0032733224222585926,-0.0013143483
00-0039074,0.0,0.0,0.0,0.0,0.0,0.0,0.0,0.0,0.0,0.0,0.0,0.0,0.0,0.0,0.0,0.0,24.0,33.0,208.0,3.0,130.0,137.0,12.0,5.40601,D.Allen,LA,15.0,2025,38.800003,62.800003,0.047345767575322814,0.019619681
00-0034678,0.0,0.0,0.0,0.0,0.0,0.0,0.0,0.0,0.0,0.0,0.0,0.0,0.0,0.0,0.0,0.0,0.0,1.0,0.0,0.0,2.0,0.0,0.0,-0.33978704,A.Cappa,LV,1.0,2025,0.0,0.0,0.002136752136752137,0.00068422855
00-0036567,0.0,0.0,0.0,0.0,0.0,0.0,0.0,0.0,0.0,0.0,0.0,0.0,0.0,0.0,0.0,0.0,0.0,1.0,0.0,0.0,16.0,0.0,0.0,-3.3650656,E.Mitchell,KC,1.0,2025,0.0,0.0,0.0018083182640144665,0.0037261294
00-0034955,0.0,1.0,0.0,0.0,0.0,1.0,2.0,0.0,0.0,0.0,-1.237878,0.0,0.0,0.0,0.0,0.0,0.0,0.0,0.0,0.0,0.0,0.0,0.0,0.0,B.Rypien,CIN,1.0,2025,0.0,0.0,0.0,0.0
00-0037256,0.0,0.0,0.0,0.0,0.0,0.0,0.0,0.0,0.0,0.0,0.0,132.0,572.0,4.0,37.0,10.428743,40.0,45.0,218.0,0.0,-102.0,329.0,10.0,-1.811482,R.White,TB,17.0,2025,103.0,143.0,0.08256880733944955,-0.02351856
00-0037239,0.0,1.0,0.0,0.0,1.0,0.0,0.0,4.0,0.0,0.0,-3.595132,1.0,-3.0,0.0,0.0,-1.253102,100.0,156.0,1163.0,9.0,1841.0,289.0,53.0,35.629364,C.Olave,NO,16.0,2025,169.0,269.0,0.3270440251572327,0.49716446
00-0036626,0.0,0.0,0.0,0.0,0.0,0.0,0.0,0.0,0.0,0.0,0.0,6.0,30.0,0.0,2.0,-0.6665273,20.0,37.0,227.0,1.0,518.0,31.0,13.0,-2.0839207,D.Brown,JAX,10.0,2025,31.7,51.7,0.0589171974522293,0.09238452
00-0035021,0.0,0.0,0.0,0.0,0.0,0.0,0.0,0.0,0.0,0.0,0.0,3.0,44.0,0.0,2.0,3.9105673,5.0,10.0,106.0,0.0,158.0,53.0,4.0,5.7594595,A.Dulin,IND,5.0,2025,15.0,20.0,0.019230769230769232,0.039332837
00-0037120,0.0,0.0,0.0,0.0,0.0,0.0,0.0,0.0,0.0,0.0,0.0,9.0,24.0,0.0,0.0,-2.9817007,2.0,3.0,8.0,0.0,-3.0,10.0,0.0,-0.94596624,T.Goodson,IND,5.0,2025,3.2,5.2,0.0057692307692307696,-0.000746826
00-0039139,0.0,0.0,0.0,0.0,0.0,0.0,0.0,0.0,0.0,0.0,0.0,243.0,1223.0,13.0,56.0,-2.6670399,77.0,94.0,613.0,5.0,54.0,612.0,28.0,17.750492,J.Gibbs,DET,17.0,2025,291.6,368.6,0.1709090909090909,0.014701879
00-0040663,0.0,0.0,0.0,0.0,0.0,0.0,0.0,0.0,0.0,0.0,0.0,7.0,13.0,1.0,2.0,-1.7708569,72.0,108.0,731.0,6.0,646.0,352.0,32.0,1.4001503,H.Fannin,CLE,16.0,2025,116.4,188.4,0.2049335863377609,0.17879878
00-0039686,0.0,0.0,0.0,0.0,0.0,0.0,0.0,0.0,0.0,0.0,0.0,0.0,0.0,0.0,0.0,0.0,2.0,3.0,18.0,0.0,18.0,4.0,2.0,2.8415701,C.Yankoff,WAS,3.0,2025,1.8000001,3.8000002,0.006896551724137931,0.0048
00-0034365,0.0,0.0,0.0,0.0,0.0,0.0,0.0,0.0,0.0,0.0,0.0,0.0,0.0,0.0,0.0,0.0,13.0,13.0,114.0,0.0,42.0,72.0,5.0,5.073346,I.Thomas,LV,7.0,2025,11.400001,24.400002,0.027777777777777776,0.0143687995
00-0038120,1.0,1.0,4.0,1.0,0.0,0.0,0.0,4.0,0.0,1.0,1.1945616,243.0,1065.0,4.0,57.0,-22.26661,36.0,48.0,350.0,1.0,14.0,321.0,13.0,8.669592,B.Hall,NYJ,16.0,2025,175.66,211.66,0.096579476861167,0.004020678
00-0038458,0.0,0.0,0.0,0.0,0.0,0.0,0.0,0.0,0.0,0.0,0.0,3.0,6.0,0.0,0.0,-1.0496609,0.0,0.0,0.0,0.0,0.0,0.0,0.0,0.0,O.Wright,TB,1.0,2025,0.6,0.6,0.0,0.0
00-0036259,1.0,1.0,29.0,1.0,0.0,0.0,0.0,27.0,2.0,1.0,3.2096102,0.0,0.0,0.0,0.0,0.0,58.0,101.0,711.0,9.0,1006.0,215.0,38.0,-1.8716165,J.Jennings,SF,17.0,2025,130.26,188.26,0.16749585406301823,0.22405346
00-0039923,140.0,273.0,1632.0,11.0,12.0,27.0,149.0,2142.0,692.0,80.0,-54.105915,37.0,181.0,4.0,12.0,6.8037066,0.0,0.0,0.0,0.0,0.0,0.0,0.0,0.0,J.McCarthy,MIN,10.0,2025,139.38,139.38,0.0,0.0
00-0033589,0.0,0.0,0.0,0.0,0.0,0.0,0.0,0.0,0.0,0.0,0.0,1.0,12.0,0.0,1.0,1.0353833,1.0,1.0,5.0,0.0,5.0,0.0,0.0,-0.3032329,D.Moore,CAR,1.0,2025,1.7,2.7,0.0019267822736030828,0.0013915948
00-0037093,0.0,0.0,0.0,0.0,0.0,0.0,0.0,0.0,0.0,0.0,0.0,0.0,0.0,0.0,0.0,0.0,2.0,3.0,48.0,0.0,57.0,0.0,2.0,1.9701104,D.Young,SEA,3.0,2025,4.8,6.8,0.0049261083743842365,0.010955218
00-0033906,0.0,0.0,0.0,0.0,0.0,0.0,0.0,0.0,0.0,0.0,0.0,131.0,471.0,1.0,21.0,-28.774973,33.0,39.0,186.0,0.0,33.0,202.0,7.0,-11.67173,A.Kamara,NO,11.0,2025,71.700005,104.700005,0.08176100628930817,0.0089116935
00-0039880,0.0,0.0,0.0,0.0,0.0,0.0,0.0,0.0,0.0,0.0,0.0,17.0,110.0,1.0,5.0,0.11699462,46.0,65.0,317.0,3.0,337.0,253.0,16.0,-9.825857,M.Washington,MIA,17.0,2025,66.7,112.7,0.13978494623655913,0.10212121
00-0040009,0.0,0.0,0.0,0.0,0.0,0.0,0.0,0.0,0.0,0.0,0.0,11.0,37.0,0.0,1.0,-6.9932203,10.0,10.0,78.0,1.0,17.0,61.0,3.0,4.625005,S.Williams,GB,8.0,2025,17.5,27.5,0.02,0.00378198
00-0035311,0.0,0.0,0.0,0.0,0.0,0.0,0.0,0.0,0.0,0.0,0.0,3.0,6.0,0.0,0.0,-1.5420904,0.0,0.0,0.0,0.0,0.0,0.0,0.0,0.0,M.Gaskin,SEA,1.0,2025,0.6,0.6,0.0,0.0
00-0033357,2.0,6.0,57.0,1.0,0.0,0.0,0.0,45.0,3.0,2.0,-0.9995985,52.0,114.0,1.0,16.0,-14.218754,11.0,16.0,91.0,0.0,54.0,86.0,2.0,-0.41650558,T.Hill,NO,12.0,2025,32.78,43.78,0.033542976939203356,0.014582771
00-0033538,0.0,0.0,0.0,0.0,0.0,0.0,0.0,0.0,0.0,0.0,0.0,0.0,0.0,0.0,0.0,0.0,0.0,1.0,0.0,0.0,2.0,0.0,0.0,-0.8203736,G.Bolles,DEN,1.0,2025,0.0,0.0,0.0015082956259426848,0.0004036327
00-0038640,0.0,0.0,0.0,0.0,0.0,0.0,0.0,0.0,0.0,0.0,0.0,0.0,0.0,0.0,0.0,0.0,3.0,6.0,51.0,0.0,68.0,19.0,3.0,1.8382255,J.Brooks,ARI,2.0,2025,5.1,8.1,0.009615384615384616,0.01514814
00-0033282,0.0,0.0,0.0,0.0,0.0,0.0,0.0,0.0,0.0,0.0,0.0,0.0,0.0,0.0,0.0,0.0,8.0,12.0,83.0,1.0,185.0,29.0,5.0,2.8317723,C.Samuel,BUF,6.0,2025,14.3,22.3,0.02040816326530612,0.042392302
00-0040130,0.0,0.0,0.0,0.0,0.0,0.0,0.0,0.0,0.0,0.0,0.0,0.0,0.0,0.0,0.0,0.0,50.0,83.0,623.0,6.0,1027.0,131.0,33.0,20.349962,J.Higgins,HOU,19.0,2025,98.3,148.3,0.13153724247226625,0.19517294
00-0038576,0.0,0.0,0.0,0.0,0.0,0.0,0.0,0.0,0.0,0.0,0.0,0.0,0.0,0.0,0.0,0.0,0.0,1.0,0.0,0.0,42.0,0.0,0.0,-0.533709,C.Jones,CIN,1.0,2025,0.0,0.0,0.0016366612111292963,0.009200438
00-0034827,1.0,1.0,2.0,1.0,0.0,0.0,0.0,2.0,0.0,1.0,3.8681936,17.0,82.0,1.0,6.0,3.5177593,61.0,100.0,783.0,8.0,1124.0,260.0,37.0,22.178352,D.Moore,CHI,19.0,2025,144.58,205.58,0.16,0.2057101
00-0036906,0.0,0.0,0.0,0.0,0.0,0.0,0.0,0.0,0.0,0.0,0.0,16.0,52.0,0.0,2.0,-2.2652826,1.0,4.0,4.0,0.0,-13.0,9.0,0.0,-4.056838,K.Herbert,NYJ,3.0,2025,5.6000004,6.6000004,0.008048289738430584,-0.0037334864
00-0034521,0.0,0.0,0.0,0.0,0.0,0.0,0.0,0.0,0.0,0.0,0.0,0.0,0.0,0.0,0.0,0.0,10.0,18.0,70.0,1.0,142.0,33.0,4.0,-9.657389,A.Lazard,NYJ,9.0,2025,13.0,23.0,0.03621730382293763,0.04078116
00-0040488,0.0,0.0,0.0,0.0,0.0,0.0,0.0,0.0,0.0,0.0,0.0,0.0,0.0,0.0,0.0,0.0,1.0,1.0,3.0,0.0,-3.0,6.0,0.0,-0.22386214,C.Runyon,LV,1.0,2025,0.3,1.3,0.002136752136752137,-0.0010263429
00-0035298,0.0,0.0,0.0,0.0,0.0,0.0,0.0,0.0,0.0,0.0,0.0,0.0,0.0,0.0,0.0,0.0,9.0,14.0,62.0,0.0,74.0,31.0,4.0,-1.107495,S.Miller,PIT,5.0,2025,6.2000003,15.200001,0.024054982817869417,0.0200542
00-0038997,0.0,0.0,0.0,0.0,0.0,0.0,0.0,0.0,0.0,0.0,0.0,2.0,-2.0,0.0,0.0,-1.5216302,58.0,88.0,559.0,4.0,659.0,137.0,36.0,8.657511,J.Downs,IND,16.0,2025,79.7,137.7,0.16923076923076924,0.16405277
00-0038102,28.0,52.0,188.0,1.0,2.0,8.0,54.0,262.0,62.0,8.0,-28.589628,5.0,22.0,0.0,3.0,-3.2190294,0.0,0.0,0.0,0.0,0.0,0.0,0.0,0.0,K.Pickett,LV,6.0,2025,11.72,11.72,0.0,0.0
00-0032434,17.0,31.0,72.0,0.0,1.0,1.0,7.0,109.0,80.0,3.0,-24.02839,0.0,0.0,0.0,0.0,0.0,0.0,0.0,0.0,0.0,0.0,0.0,0.0,0.0,B.Allen,TEN,1.0,2025,1.8799999,1.8799999,0.0,0.0
00-0031236,0.0,0.0,0.0,0.0,0.0,0.0,0.0,0.0,0.0,0.0,0.0,0.0,0.0,0.0,0.0,0.0,29.0,47.0,357.0,0.0,779.0,54.0,18.0,19.446829,B.Cooks,BUF,15.0,2025,35.7,64.7,0.07993197278911565,0.17850596
00-0033280,0.0,1.0,0.0,0.0,0.0,0.0,0.0,14.0,0.0,0.0,-0.7708971,337.0,1285.0,10.0,73.0,-25.9636,113.0,143.0,1009.0,9.0,397.0,766.0,55.0,47.529182,C.McCaffrey,SF,19.0,2025,343.4,456.4,0.23714759535655058,0.08841871
00-0030035,0.0,0.0,0.0,0.0,0.0,0.0,0.0,0.0,0.0,0.0,0.0,0.0,0.0,0.0,0.0,0.0,21.0,38.0,211.0,0.0,322.0,53.0,12.0,8.823692,A.Thielen,PIT,15.0,2025,21.1,42.1,0.06529209621993128,0.08726288
00-0037323,0.0,0.0,0.0,0.0,0.0,0.0,0.0,0.0,0.0,0.0,0.0,1.0,3.0,0.0,1.0,2.11605,0.0,0.0,0.0,0.0,0.0,0.0,0.0,0.0,R.Thomas,IND,1.0,2025,0.3,0.3,0.0,0.0
00-0034844,0.0,0.0,0.0,0.0,0.0,0.0,0.0,0.0,0.0,0.0,0.0,306.0,1246.0,7.0,54.0,-27.440287,40.0,57.0,298.0,2.0,32.0,324.0,12.0,-7.194122,S.Barkley,PHI,17.0,2025,208.40001,248.40001,0.11491935483870967,0.007109531
00-0037085,0.0,0.0,0.0,0.0,0.0,0.0,0.0,0.0,0.0,0.0,0.0,9.0,27.0,0.0,2.0,-3.155009,20.0,33.0,148.0,0.0,-40.0,216.0,9.0,-0.49118507,T.Badie,DEN,14.0,2025,17.5,37.5,0.049773755656108594,-0.008072654
00-0040311,0.0,0.0,0.0,0.0,0.0,0.0,0.0,0.0,0.0,0.0,0.0,0.0,0.0,0.0,0.0,0.0,6.0,10.0,139.0,1.0,137.0,63.0,6.0,2.1371584,T.Wease,MIA,3.0,2025,19.900002,25.900002,0.021505376344086023,0.041515153
00-0037197,0.0,0.0,0.0,0.0,0.0,0.0,0.0,0.0,0.0,0.0,0.0,118.0,462.0,1.0,27.0,-13.643393,19.0,26.0,101.0,1.0,-27.0,121.0,4.0,-4.677933,I.Pacheco,KC,13.0,2025,68.3,87.3,0.04701627486437613,-0.0062878435
00-0033110,0.0,0.0,0.0,0.0,0.0,0.0,0.0,0.0,0.0,0.0,0.0,0.0,0.0,0.0,0.0,0.0,29.0,42.0,365.0,3.0,191.0,174.0,20.0,10.509702,T.Higbee,LA,12.0,2025,54.5,83.5,0.06025824964131994,0.028825838
00-0038393,0.0,0.0,0.0,0.0,0.0,0.0,0.0,0.0,0.0,0.0,0.0,1.0,6.0,0.0,0.0,0.4941406,30.0,46.0,332.0,2.0,517.0,67.0,21.0,14.157984,D.Wicks,GB,13.0,2025,45.8,75.8,0.092,0.115016684
00-0036212,260.0,415.0,2660.0,20.0,15.0,30.0,195.0,2613.0,1410.0,142.0,7.958515,20.0,43.0,0.0,1.0,-7.4699864,0.0,0.0,0.0,0.0,0.0,0.0,0.0,0.0,T.Tagovailoa,MIA,14.0,2025,175.7,175.7,0.0,0.0
00-0036358,0.0,0.0,0.0,0.0,0.0,0.0,0.0,0.0,0.0,0.0,0.0,1.0,2.0,0.0,0.0,-0.2478506,75.0,117.0,1077.0,3.0,1403.0,323.0,43.0,28.990818,C.Lamb,DAL,13.0,2025,125.9,200.9,0.1921182266009852,0.2848731
00-0033455,0.0,0.0,0.0,0.0,0.0,0.0,0.0,0.0,0.0,0.0,0.0,0.0,0.0,0.0,0.0,0.0,8.0,10.0,53.0,0.0,35.0,12.0,4.0,1.6356239,A.Firkser,DET,5.0,2025,5.3,13.3,0.01818181818181818,0.0095289955
00-0037741,0.0,0.0,0.0,0.0,0.0,0.0,0.0,0.0,0.0,0.0,0.0,0.0,0.0,0.0,0.0,0.0,18.0,37.0,262.0,1.0,576.0,50.0,10.0,-15.663672,J.Dotson,PHI,15.0,2025,32.2,50.2,0.07459677419354839,0.12797156
00-0040179,0.0,0.0,0.0,0.0,0.0,0.0,0.0,0.0,0.0,0.0,0.0,26.0,96.0,0.0,5.0,0.020433426,0.0,2.0,0.0,0.0,-6.0,0.0,0.0,-1.6577325,D.Giddens,IND,4.0,2025,9.6,9.6,0.0038461538461538464,-0.001493652
00-0034613,0.0,0.0,0.0,0.0,0.0,0.0,0.0,0.0,0.0,0.0,0.0,0.0,0.0,0.0,0.0,0.0,19.0,24.0,168.0,2.0,119.0,83.0,8.0,0.56614757,T.Hudson,CIN,10.0,2025,28.800001,47.800003,0.03927986906710311,0.026067909
00-0040208,0.0,0.0,0.0,0.0,0.0,0.0,0.0,0.0,0.0,0.0,0.0,16.0,45.0,0.0,1.0,-4.0711827,1.0,2.0,9.0,0.0,-5.0,11.0,0.0,-8.030239,T.Brooks,CIN,6.0,2025,5.4,6.4,0.0032733224222585926,-0.0010952903
00-0039337,0.0,0.0,0.0,0.0,0.0,0.0,0.0,0.0,0.0,0.0,0.0,0.0,0.0,0.0,0.0,0.0,18.0,35.0,271.0,2.0,555.0,52.0,11.0,2.308889,M.Nabers,NYG,4.0,2025,39.1,57.1,0.06862745098039216,0.13074204
00-0037291,0.0,0.0,0.0,0.0,0.0,0.0,0.0,0.0,0.0,0.0,0.0,2.0,13.0,0.0,1.0,-1.2720051,29.0,54.0,444.0,4.0,656.0,112.0,23.0,11.562589,J.Nailor,MIN,17.0,2025,69.7,98.7,0.11920529801324503,0.18318905
00-0038488,0.0,0.0,0.0,0.0,0.0,0.0,0.0,0.0,0.0,0.0,0.0,0.0,0.0,0.0,0.0,0.0,0.0,1.0,0.0,0.0,0.0,0.0,0.0,-0.44715625,B.Russell,SEA,1.0,2025,0.0,0.0,0.0016420361247947454,0.0
00-0035704,2.0,3.0,15.0,0.0,0.0,0.0,0.0,5.0,16.0,1.0,-0.89272285,6.0,-5.0,0.0,0.0,-0.96694845,0.0,0.0,0.0,0.0,0.0,0.0,0.0,0.0,D.Lock,SEA,3.0,2025,0.099999964,0.099999964,0.0,0.0
00-0040142,0.0,0.0,0.0,0.0,0.0,0.0,0.0,0.0,0.0,0.0,0.0,28.0,69.0,0.0,2.0,-7.7174377,1.0,2.0,9.0,0.0,-8.0,14.0,0.0,0.24488595,K.Johnson,PIT,10.0,2025,7.8,8.8,0.003436426116838488,-0.0021680216
00-0030506,0.0,0.0,0.0,0.0,0.0,0.0,0.0,0.0,0.0,0.0,0.0,1.0,1.0,0.0,0.0,-1.8751907,76.0,109.0,851.0,5.0,735.0,424.0,46.0,40.412754,T.Kelce,KC,17.0,2025,115.2,191.2,0.19710669077757687,0.17116907
00-0034159,0.0,0.0,0.0,0.0,0.0,0.0,0.0,0.0,0.0,0.0,0.0,0.0,0.0,0.0,0.0,0.0,11.0,16.0,97.0,0.0,72.0,66.0,5.0,2.800325,W.Dissly,LAC,8.0,2025,9.7,20.7,0.027923211169284468,0.015493867
00-0035535,0.0,0.0,0.0,0.0,0.0,0.0,0.0,0.0,0.0,0.0,0.0,0.0,0.0,0.0,0.0,0.0,37.0,65.0,538.0,1.0,843.0,198.0,23.0,18.001406,D.Slayton,NYG,14.0,2025,59.8,96.8,0.12745098039215685,0.19858657
00-0040164,0.0,0.0,0.0,0.0,0.0,0.0,0.0,0.0,0.0,0.0,0.0,1.0,7.0,0.0,0.0,0.261029,16.0,32.0,225.0,0.0,427.0,39.0,10.0,-5.6516876,J.Lane,WAS,13.0,2025,23.2,39.2,0.0735632183908046,0.113866664
00-0039650,0.0,0.0,0.0,0.0,0.0,0.0,0.0,0.0,0.0,0.0,0.0,0.0,0.0,0.0,0.0,0.0,1.0,1.0,8.0,0.0,6.0,2.0,0.0,0.5178801,B.Oliver,TEN,1.0,2025,0.8,1.8,0.0019646365422396855,0.0015944724
00-0036555,0.0,0.0,0.0,0.0,0.0,0.0,0.0,0.0,0.0,0.0,0.0,147.0,557.0,3.0,35.0,-14.975164,32.0,43.0,236.0,3.0,-42.0,311.0,13.0,1.4686313,C.Hubbard,CAR,16.0,2025,115.299995,147.29999,0.08285163776493257,-0.011689396
00-0026498,454.0,741.0,5643.0,52.0,9.0,29.0,197.0,6776.0,2218.0,283.0,164.05241,34.0,16.0,0.0,3.0,-31.715601,0.0,0.0,0.0,0.0,0.0,0.0,0.0,0.0,M.Stafford,LA,20.0,2025,426.32,426.32,0.0,0.0
00-0040131,0.0,0.0,0.0,0.0,0.0,0.0,0.0,0.0,0.0,0.0,0.0,2.0,3.0,0.0,0.0,-0.62438405,12.0,27.0,223.0,3.0,510.0,79.0,8.0,4.5438533,K.Williams,NE,14.0,2025,40.6,52.6,0.04522613065326633,0.091267
00-0036223,0.0,0.0,0.0,0.0,0.0,0.0,0.0,0.0,0.0,0.0,0.0,323.0,1585.0,18.0,84.0,18.771635,46.0,56.0,378.0,2.0,-45.0,434.0,15.0,9.234046,J.Taylor,IND,17.0,2025,316.3,362.3,0.1076923076923077,-0.01120239
00-0031279,0.0,0.0,0.0,0.0,0.0,0.0,0.0,0.0,0.0,0.0,0.0,0.0,0.0,0.0,0.0,0.0,0.0,1.0,0.0,0.0,1.0,0.0,0.0,-0.24046542,J.Matthews,ATL,1.0,2025,0.0,0.0,0.001968503937007874,0.00024360536
00-0039634,1.0,1.0,3.0,0.0,0.0,0.0,0.0,3.0,0.0,1.0,2.8565037,0.0,0.0,0.0,0.0,0.0,0.0,0.0,0.0,0.0,0.0,0.0,0.0,0.0,A.McNamara,NYJ,1.0,2025,0.12,0.12,0.0,0.0
00-0039855,0.0,0.0,0.0,0.0,0.0,0.0,0.0,0.0,0.0,0.0,0.0,1.0,1.0,0.0,0.0,-0.46228138,12.0,15.0,178.0,0.0,179.0,59.0,8.0,12.489781,J.McMillan,TB,4.0,2025,17.900002,29.900002,0.027522935779816515,0.04127277
00-0039916,0.0,0.0,0.0,0.0,0.0,0.0,0.0,0.0,0.0,0.0,0.0,2.0,-2.0,0.0,0.0,-1.6721445,36.0,55.0,528.0,0.0,761.0,74.0,28.0,24.264599,R.Pearsall,SF,10.0,2025,52.6,88.6,0.0912106135986733,0.16948774
00-0034383,0.0,0.0,0.0,0.0,0.0,0.0,0.0,0.0,0.0,0.0,0.0,0.0,0.0,0.0,0.0,0.0,87.0,113.0,836.0,3.0,688.0,401.0,41.0,41.891804,D.Schultz,HOU,19.0,2025,101.6,188.6,0.179080824088748,0.13074876
00-0038573,0.0,0.0,0.0,0.0,0.0,0.0,0.0,0.0,0.0,0.0,0.0,2.0,5.0,0.0,0.0,-0.6214881,2.0,3.0,10.0,0.0,33.0,8.0,0.0,-1.0258204,D.Davis,LAC,3.0,2025,1.5,3.5,0.005235602094240838,0.0071013556
00-0039875,0.0,0.0,0.0,0.0,0.0,0.0,0.0,0.0,0.0,0.0,0.0,58.0,275.0,0.0,15.0,1.3505363,12.0,16.0,95.0,2.0,-7.0,116.0,8.0,5.999779,R.Davis,BUF,10.0,2025,49.0,61.0,0.027210884353741496,-0.001604033
00-0038454,0.0,0.0,0.0,0.0,0.0,0.0,0.0,0.0,0.0,0.0,0.0,59.0,341.0,1.0,16.0,2.6167698,9.0,12.0,63.0,0.0,-28.0,85.0,2.0,-5.5293655,K.Mitchell,BAL,12.0,2025,46.4,55.4,0.029484029484029485,-0.008303678
00-0038046,0.0,0.0,0.0,0.0,0.0,0.0,0.0,0.0,0.0,0.0,0.0,0.0,0.0,0.0,0.0,0.0,10.0,15.0,142.0,2.0,106.0,52.0,9.0,5.154568,C.Kolar,BAL,11.0,2025,26.2,36.2,0.036855036855036855,0.031435348
00-0035631,0.0,0.0,0.0,0.0,0.0,0.0,0.0,0.0,0.0,0.0,0.0,1.0,3.0,0.0,0.0,-0.58371073,15.0,20.0,106.0,1.0,-7.0,109.0,5.0,2.6518073,D.Sample,CIN,11.0,2025,16.900002,31.900002,0.03273322422258593,-0.0015334063
00-0036360,0.0,0.0,0.0,0.0,0.0,0.0,0.0,0.0,0.0,0.0,0.0,7.0,13.0,0.0,1.0,-2.6603866,2.0,2.0,9.0,0.0,-4.0,13.0,0.0,1.5574801,C.Edwards-Helaire,KC,2.0,2025,2.2,4.2,0.003616636528028933,-0.00093153236
00-0031381,0.0,0.0,0.0,0.0,0.0,0.0,0.0,0.0,0.0,0.0,0.0,0.0,0.0,0.0,0.0,0.0,71.0,139.0,974.0,15.0,1832.0,159.0,61.0,31.507097,D.Adams,LA,17.0,2025,187.4,258.4,0.1994261119081779,0.27648658
00-0039530,0.0,0.0,0.0,0.0,0.0,0.0,0.0,0.0,0.0,0.0,0.0,0.0,0.0,0.0,0.0,0.0,9.0,13.0,90.0,1.0,107.0,33.0,4.0,-0.64272213,B.Spann-Ford,DAL,10.0,2025,15.0,24.0,0.021346469622331693,0.021725887
00-0040737,0.0,0.0,0.0,0.0,0.0,0.0,0.0,0.0,0.0,0.0,0.0,1.0,0.0,0.0,0.0,-1.5493907,12.0,31.0,250.0,3.0,554.0,43.0,10.0,3.7833517,T.Ferguson,LA,12.0,2025,43.0,55.0,0.04447632711621234,0.08361002
00-0037282,0.0,0.0,0.0,0.0,0.0,0.0,0.0,0.0,0.0,0.0,0.0,0.0,0.0,0.0,0.0,0.0,3.0,4.0,28.0,0.0,10.0,21.0,2.0,-1.233156,J.Mitchell,CAR,3.0,2025,2.8,5.8,0.007707129094412331,0.0027831895
00-0040556,0.0,0.0,0.0,0.0,0.0,0.0,0.0,0.0,0.0,0.0,0.0,12.0,58.0,0.0,4.0,1.8878632,2.0,3.0,15.0,0.0,11.0,6.0,1.0,-0.43239602,C.Kiner,ARI,4.0,2025,7.3,9.3,0.004807692307692308,0.0024504345
00-0033576,0.0,0.0,0.0,0.0,0.0,0.0,0.0,0.0,0.0,0.0,0.0,0.0,0.0,0.0,0.0,0.0,4.0,8.0,31.0,0.0,28.0,16.0,2.0,2.5503488,E.Saubert,SEA,5.0,2025,3.1000001,7.1000004,0.013136288998357963,0.0053815106
00-0040177,0.0,0.0,0.0,0.0,0.0,0.0,0.0,0.0,0.0,0.0,0.0,6.0,28.0,0.0,1.0,-0.8593368,1.0,1.0,7.0,0.0,3.0,4.0,1.0,0.7573326,J.James,SF,1.0,2025,3.5,4.5,0.001658374792703151,0.0006681514
00-0038979,0.0,0.0,0.0,0.0,0.0,0.0,0.0,0.0,0.0,0.0,0.0,0.0,0.0,0.0,0.0,0.0,21.0,39.0,270.0,2.0,463.0,62.0,13.0,6.5273476,C.Tillman,CLE,12.0,2025,39.0,60.0,0.07400379506641366,0.12814835
00-0035100,81.0,134.0,771.0,6.0,8.0,9.0,60.0,959.0,367.0,33.0,-52.890465,9.0,39.0,1.0,5.0,6.7860594,0.0,0.0,0.0,0.0,0.0,0.0,0.0,0.0,J.Browning,CIN,5.0,2025,56.74,56.74,0.0,0.0
00-0031687,0.0,0.0,0.0,0.0,0.0,0.0,0.0,0.0,0.0,0.0,0.0,22.0,104.0,0.0,5.0,-9.055245,12.0,12.0,70.0,0.0,-16.0,86.0,6.0,1.4606743,R.Mostert,LV,9.0,2025,17.400002,29.400002,0.02564102564102564,-0.0054738284
00-0038115,0.0,0.0,0.0,0.0,0.0,0.0,0.0,0.0,0.0,0.0,0.0,0.0,0.0,0.0,0.0,0.0,19.0,26.0,286.0,2.0,244.0,132.0,14.0,22.597485,D.Bellinger,NYG,12.0,2025,40.6,59.6,0.050980392156862744,0.05747939
00-0040718,0.0,0.0,0.0,0.0,0.0,0.0,0.0,0.0,0.0,0.0,0.0,1.0,0.0,0.0,0.0,-0.6611915,28.0,45.0,298.0,1.0,354.0,140.0,12.0,-2.3070898,T.Hunter,JAX,7.0,2025,35.800003,63.800003,0.07165605095541401,0.06313536
00-0039884,0.0,0.0,0.0,0.0,0.0,0.0,0.0,0.0,0.0,0.0,0.0,0.0,0.0,0.0,0.0,0.0,3.0,5.0,37.0,0.0,124.0,8.0,1.0,-5.3265495,T.Washington,MIA,2.0,2025,3.7,6.7,0.010752688172043012,0.03757576
00-0040134,0.0,0.0,0.0,0.0,0.0,0.0,0.0,0.0,0.0,0.0,0.0,1.0,1.0,0.0,0.0,-0.37181327,35.0,53.0,412.0,1.0,431.0,160.0,25.0,15.809845,P.Bryant,DEN,14.0,2025,47.3,82.3,0.07993966817496229,0.086982846
00-0037809,0.0,0.0,0.0,0.0,0.0,0.0,0.0,0.0,0.0,0.0,0.0,0.0,0.0,0.0,0.0,0.0,56.0,79.0,560.0,2.0,366.0,342.0,24.0,12.671104,C.Okonkwo,TEN,17.0,2025,68.0,124.0,0.15520628683693516,0.09726282
00-0033873,315.0,537.0,3587.0,22.0,11.0,34.0,193.0,4050.0,1895.0,173.0,68.390976,64.0,422.0,5.0,27.0,29.164494,1.0,1.0,-10.0,0.0,-8.0,-2.0,0.0,-2.5388513,P.Mahomes,KC,14.0,2025,291.68,292.68,0.0018083182640144665,-0.0018630647
00-0033881,0.0,0.0,0.0,0.0,0.0,0.0,0.0,0.0,0.0,0.0,0.0,1.0,7.0,0.0,0.0,0.25443235,53.0,83.0,487.0,1.0,348.0,319.0,20.0,-2.723979,E.Engram,DEN,18.0,2025,55.4,108.4,0.12518853695324283,0.070232086
00-0037744,0.0,0.0,0.0,0.0,0.0,0.0,0.0,0.0,0.0,0.0,0.0,0.0,0.0,0.0,0.0,0.0,126.0,170.0,1239.0,11.0,1126.0,583.0,63.0,72.71637,T.McBride,ARI,17.0,2025,189.9,315.9,0.2724358974358974,0.2508354
00-0040021,0.0,0.0,0.0,0.0,0.0,0.0,0.0,0.0,0.0,0.0,0.0,5.0,18.0,1.0,2.0,1.0730275,2.0,2.0,11.0,0.0,-11.0,22.0,1.0,-0.13909286,P.Mafah,DAL,1.0,2025,8.900001,10.900001,0.003284072249589491,-0.0022335025
00-0038597,0.0,0.0,0.0,0.0,0.0,0.0,0.0,0.0,0.0,0.0,0.0,232.0,1019.0,6.0,52.0,-4.2413607,69.0,89.0,414.0,5.0,46.0,427.0,18.0,-10.329083,C.Brown,CIN,17.0,2025,209.29999,278.3,0.14566284779050737,0.01007667
00-0040719,0.0,0.0,0.0,0.0,0.0,0.0,0.0,0.0,0.0,0.0,0.0,87.0,358.0,5.0,26.0,-7.0061727,10.0,14.0,79.0,2.0,8.0,80.0,3.0,5.4954157,B.Tuten,JAX,16.0,2025,85.700005,95.700005,0.022292993630573247,0.0014267879
00-0040244,0.0,0.0,0.0,0.0,0.0,0.0,0.0,0.0,0.0,0.0,0.0,0.0,0.0,0.0,0.0,0.0,2.0,2.0,10.0,0.0,5.0,5.0,0.0,0.18636915,M.Matavao,NO,1.0,2025,1.0,3.0,0.0041928721174004195,0.0013502565
00-0033106,393.0,614.0,4564.0,34.0,8.0,38.0,259.0,3717.0,2411.0,223.0,107.129326,19.0,45.0,0.0,5.0,-14.424143,0.0,0.0,0.0,0.0,0.0,0.0,0.0,0.0,J.Goff,DET,17.0,2025,315.06,315.06,0.0,0.0
00-0034753,0.0,0.0,0.0,0.0,0.0,0.0,0.0,0.0,0.0,0.0,0.0,10.0,48.0,1.0,7.0,6.5207396,48.0,70.0,422.0,5.0,508.0,101.0,24.0,1.5476466,M.Andrews,BAL,17.0,2025,83.0,131.0,0.171990171990172,0.15065244
00-0040691,216.0,375.0,2272.0,15.0,5.0,35.0,152.0,2773.0,1161.0,102.0,-7.8005657,86.0,487.0,9.0,38.0,38.124046,0.0,0.0,0.0,0.0,0.0,0.0,0.0,0.0,J.Dart,NYG,14.0,2025,248.58,248.58,0.0,0.0
00-0038976,0.0,0.0,0.0,0.0,0.0,0.0,0.0,0.0,0.0,0.0,0.0,12.0,78.0,1.0,3.0,5.144693,49.0,65.0,477.0,2.0,601.0,294.0,21.0,12.903868,M.Mims,DEN,16.0,2025,73.5,122.5,0.09803921568627451,0.12129162
00-0040715,0.0,0.0,0.0,0.0,0.0,0.0,0.0,0.0,0.0,0.0,0.0,101.0,410.0,5.0,27.0,-12.096827,24.0,32.0,207.0,2.0,-5.0,209.0,11.0,3.3481658,C.Skattebo,NYG,8.0,2025,103.7,127.7,0.06274509803921569,-0.0011778563
00-0040406,0.0,0.0,0.0,0.0,0.0,0.0,0.0,0.0,0.0,0.0,0.0,0.0,0.0,0.0,0.0,0.0,1.0,2.0,10.0,0.0,4.0,6.0,1.0,2.3122854,Q.Skinner,NYJ,1.0,2025,1.0,2.0,0.004024144869215292,0.0011487651
00-0039910,114.0,204.0,1262.0,8.0,3.0,18.0,79.0,1390.0,577.0,59.0,-5.895729,58.0,278.0,2.0,14.0,1.7482306,0.0,0.0,0.0,0.0,0.0,0.0,0.0,0.0,J.Daniels,WAS,7.0,2025,119.28,119.28,0.0,0.0
00-0036415,0.0,0.0,0.0,0.0,0.0,0.0,0.0,0.0,0.0,0.0,0.0,0.0,0.0,0.0,0.0,0.0,29.0,52.0,350.0,1.0,623.0,83.0,17.0,8.938447,V.Jefferson,TEN,14.0,2025,41.0,70.0,0.10216110019646366,0.1655594
00-0038544,0.0,0.0,0.0,0.0,0.0,0.0,0.0,0.0,0.0,0.0,0.0,2.0,7.0,0.0,0.0,-0.37045807,54.0,90.0,755.0,8.0,1044.0,229.0,27.0,22.641993,Q.Johnston,LAC,14.0,2025,124.2,178.2,0.15706806282722513,0.22466107
00-0033526,0.0,0.0,0.0,0.0,0.0,0.0,0.0,0.0,0.0,0.0,0.0,84.0,382.0,3.0,32.0,-0.24908352,17.0,21.0,87.0,0.0,-32.0,109.0,5.0,-2.5930145,S.Perine,CIN,13.0,2025,64.9,81.9,0.03436988543371522,-0.007009858
00-0027973,25.0,45.0,293.0,1.0,1.0,8.0,54.0,348.0,90.0,17.0,-5.6616707,5.0,-2.0,0.0,0.0,-8.659153,0.0,0.0,0.0,0.0,0.0,0.0,0.0,0.0,A.Dalton,CAR,3.0,2025,14.5199995,14.5199995,0.0,0.0
00-0031503,37.0,69.0,567.0,2.0,2.0,3.0,11.0,619.0,210.0,25.0,15.391702,7.0,23.0,1.0,3.0,4.2881336,1.0,1.0,33.0,1.0,13.0,20.0,1.0,3.2233546,J.Winston,NYG,3.0,2025,46.28,47.28,0.00196078431372549,0.0030624263
00-0036727,0.0,0.0,0.0,0.0,0.0,0.0,0.0,0.0,0.0,0.0,0.0,11.0,47.0,0.0,8.0,-0.49797255,6.0,9.0,53.0,0.0,10.0,43.0,3.0,0.89939433,A.Prentice,DEN,9.0,2025,10.0,16.0,0.013574660633484163,0.0020181634
00-0037757,0.0,0.0,0.0,0.0,0.0,0.0,0.0,0.0,0.0,0.0,0.0,0.0,0.0,0.0,0.0,0.0,0.0,1.0,0.0,0.0,2.0,0.0,0.0,-0.36578688,B.Raimann,IND,1.0,2025,0.0,0.0,0.0019230769230769232,0.000497884
00-0039144,0.0,0.0,0.0,0.0,0.0,0.0,0.0,0.0,0.0,0.0,0.0,0.0,0.0,0.0,0.0,0.0,25.0,33.0,261.0,0.0,292.0,73.0,11.0,10.278524,L.Musgrave,GB,14.0,2025,26.1,51.1,0.066,0.06496107
00-0034407,0.0,0.0,0.0,0.0,0.0,0.0,0.0,0.0,0.0,0.0,0.0,0.0,0.0,0.0,0.0,0.0,7.0,15.0,69.0,0.0,84.0,46.0,4.0,-9.451976,R.McCloud,NYG,5.0,2025,6.9,13.9,0.029411764705882353,0.019787986
00-0037742,0.0,1.0,0.0,0.0,0.0,1.0,0.0,0.0,0.0,0.0,-0.49842423,0.0,0.0,0.0,0.0,0.0,10.0,22.0,130.0,1.0,296.0,34.0,7.0,-8.8142605,T.Burks,WAS,8.0,2025,19.0,29.0,0.05057471264367816,0.078933336
00-0039163,314.0,531.0,3503.0,21.0,13.0,29.0,214.0,4111.0,1539.0,157.0,15.810959,51.0,220.0,1.0,19.0,14.817178,0.0,0.0,0.0,0.0,0.0,0.0,0.0,0.0,C.Stroud,HOU,16.0,2025,239.12,239.12,0.0,0.0
00-0036389,314.0,522.0,3392.0,26.0,6.0,33.0,182.0,4385.0,1352.0,157.0,22.43132,110.0,435.0,8.0,43.0,18.993488,0.0,0.0,0.0,0.0,0.0,0.0,0.0,0.0,J.Hurts,PHI,17.0,2025,325.18,325.18,0.0,0.0
00-0040476,0.0,0.0,0.0,0.0,0.0,0.0,0.0,0.0,0.0,0.0,0.0,1.0,0.0,0.0,0.0,-0.79516953,0.0,0.0,0.0,0.0,0.0,0.0,0.0,0.0,U.Bentley,IND,1.0,2025,0.0,0.0,0.0,0.0
00-0039757,0.0,0.0,0.0,0.0,0.0,0.0,0.0,0.0,0.0,0.0,0.0,23.0,73.0,1.0,8.0,2.3920069,1.0,1.0,9.0,0.0,2.0,7.0,0.0,0.6562925,T.Jennings,NE,5.0,2025,14.2,15.2,0.0016750418760469012,0.0003579098
00-0038797,0.0,0.0,0.0,0.0,0.0,0.0,0.0,0.0,0.0,0.0,0.0,126.0,499.0,3.0,32.0,-7.8652587,15.0,18.0,99.0,0.0,-32.0,133.0,5.0,1.0183613,E.Wilson,GB,17.0,2025,77.8,92.8,0.036,-0.007119021
00-0036196,0.0,0.0,0.0,0.0,0.0,0.0,0.0,0.0,0.0,0.0,0.0,0.0,0.0,0.0,0.0,0.0,14.0,21.0,143.0,1.0,183.0,32.0,9.0,11.950869,G.Davis,BUF,7.0,2025,20.3,34.3,0.03571428571428571,0.041934006
00-0037329,0.0,0.0,0.0,0.0,0.0,0.0,0.0,0.0,0.0,0.0,0.0,5.0,37.0,1.0,2.0,2.5984051,0.0,1.0,0.0,0.0,4.0,0.0,0.0,-0.16605298,B.Brown,CHI,1.0,2025,9.7,9.7,0.0016,0.0007320644
00-0038606,0.0,0.0,0.0,0.0,0.0,0.0,0.0,0.0,0.0,0.0,0.0,9.0,2.0,0.0,1.0,-2.374829,65.0,109.0,954.0,6.0,1333.0,286.0,42.0,28.947983,P.Washington,JAX,16.0,2025,131.6,196.6,0.1735668789808917,0.23773853
00-0040628,0.0,0.0,0.0,0.0,0.0,0.0,0.0,0.0,0.0,0.0,0.0,0.0,0.0,0.0,0.0,0.0,1.0,2.0,3.0,0.0,10.0,0.0,0.0,-0.8417507,D.Dabney,GB,1.0,2025,0.3,1.3,0.004,0.002224694
00-0039164,1.0,2.0,9.0,0.0,0.0,0.0,0.0,31.0,7.0,1.0,-1.21162,4.0,-1.0,0.0,1.0,-2.429822,1.0,1.0,9.0,0.0,2.0,7.0,1.0,0.45754102,A.Richardson,IND,1.0,2025,1.1600001,2.16,0.0019230769230769232,0.000497884
00-0034272,0.0,0.0,0.0,0.0,0.0,0.0,0.0,0.0,0.0,0.0,0.0,0.0,0.0,0.0,0.0,0.0,17.0,34.0,146.0,1.0,376.0,33.0,7.0,-4.79047,M.Valdes-Scantling,PIT,10.0,2025,20.6,37.6,0.058419243986254296,0.101897016
00-0038104,0.0,0.0,0.0,0.0,0.0,0.0,0.0,0.0,0.0,0.0,0.0,0.0,0.0,0.0,0.0,0.0,19.0,37.0,438.0,3.0,995.0,59.0,15.0,26.248133,T.Thornton,KC,11.0,2025,61.8,80.8,0.06690777576853527,0.23171867
00-0032775,0.0,0.0,0.0,0.0,0.0,0.0,0.0,0.0,0.0,0.0,0.0,1.0,6.0,0.0,0.0,0.31640205,29.0,44.0,388.0,2.0,557.0,90.0,20.0,15.43978,D.Robinson,SF,16.0,2025,51.399998,80.399994,0.07296849087893864,0.12405345
00-0039798,0.0,0.0,0.0,0.0,0.0,0.0,0.0,0.0,0.0,0.0,0.0,43.0,236.0,1.0,7.0,-3.2345583,21.0,29.0,186.0,0.0,32.0,189.0,8.0,4.6149583,I.Davis,NYJ,13.0,2025,48.2,69.2,0.05835010060362173,0.009190121
00-0036332,0.0,0.0,0.0,0.0,0.0,0.0,0.0,0.0,0.0,0.0,0.0,0.0,0.0,0.0,0.0,0.0,3.0,5.0,21.0,1.0,23.0,5.0,2.0,1.4012263,J.Deguara,ARI,4.0,2025,8.1,11.1,0.008012820512820512,0.0051236358
00-0037512,0.0,0.0,0.0,0.0,0.0,0.0,0.0,0.0,0.0,0.0,0.0,1.0,3.0,0.0,0.0,-2.9498675,0.0,0.0,0.0,0.0,0.0,0.0,0.0,0.0,I.Pola-Mao,LV,1.0,2025,0.3,0.3,0.0,0.0
00-0034867,0.0,0.0,0.0,0.0,0.0,0.0,0.0,0.0,0.0,0.0,0.0,0.0,0.0,0.0,0.0,0.0,0.0,2.0,0.0,0.0,3.0,0.0,0.0,-0.74892473,M.Turner,SF,2.0,2025,0.0,0.0,0.003316749585406302,0.0006681514
00-0036893,0.0,0.0,0.0,0.0,0.0,0.0,0.0,0.0,0.0,0.0,0.0,15.0,61.0,0.0,3.0,-0.33882877,3.0,3.0,25.0,0.0,10.0,15.0,1.0,1.3118299,N.Harris,LAC,3.0,2025,8.6,11.6,0.005235602094240838,0.002151926
00-0040352,0.0,0.0,0.0,0.0,0.0,0.0,0.0,0.0,0.0,0.0,0.0,0.0,0.0,0.0,0.0,0.0,0.0,1.0,0.0,0.0,2.0,0.0,0.0,-3.259766,C.Owen,IND,1.0,2025,0.0,0.0,0.0019230769230769232,0.000497884
00-0040729,0.0,0.0,0.0,0.0,0.0,0.0,0.0,0.0,0.0,0.0,0.0,0.0,0.0,0.0,0.0,0.0,20.0,29.0,224.0,0.0,240.0,68.0,11.0,-2.0305605,J.Bech,LV,12.0,2025,22.4,42.4,0.06196581196581197,0.082107425
00-0035289,6.0,13.0,37.0,0.0,1.0,0.0,0.0,68.0,31.0,2.0,-6.414683,6.0,2.0,0.0,0.0,-0.57099193,0.0,0.0,0.0,0.0,0.0,0.0,0.0,0.0,G.Minshew,KC,3.0,2025,0.68,0.68,0.0,0.0
00-0038589,0.0,0.0,0.0,0.0,0.0,0.0,0.0,0.0,0.0,0.0,0.0,0.0,0.0,0.0,0.0,0.0,6.0,7.0,43.0,1.0,27.0,24.0,2.0,2.5334482,J.Whyle,GB,7.0,2025,10.3,16.3,0.014,0.006006674
00-0035594,0.0,0.0,0.0,0.0,0.0,0.0,0.0,0.0,0.0,0.0,0.0,1.0,-2.0,0.0,0.0,-1.3661332,0.0,0.0,0.0,0.0,0.0,0.0,0.0,0.0,T.Homer,CHI,1.0,2025,-0.2,-0.2,0.0,0.0
00-0039410,0.0,0.0,0.0,0.0,0.0,0.0,0.0,0.0,0.0,0.0,0.0,4.0,25.0,0.0,2.0,0.47284454,40.0,56.0,475.0,4.0,466.0,204.0,29.0,28.634834,R.Flournoy,DAL,13.0,2025,74.0,114.0,0.09195402298850575,0.09461929
00-0038794,0.0,0.0,0.0,0.0,0.0,0.0,0.0,0.0,0.0,0.0,0.0,45.0,219.0,1.0,9.0,-0.48128217,5.0,9.0,29.0,0.0,-29.0,46.0,2.0,-3.9778438,J.McLaughlin,DEN,10.0,2025,30.8,35.8,0.013574660633484163,-0.005852674
00-0040162,0.0,0.0,0.0,0.0,0.0,0.0,0.0,0.0,0.0,0.0,0.0,65.0,175.0,0.0,12.0,-16.822647,33.0,40.0,271.0,2.0,-62.0,318.0,8.0,6.899313,D.Sampson,CLE,15.0,2025,56.6,89.6,0.07590132827324478,-0.017160255
00-0036040,0.0,0.0,0.0,0.0,0.0,0.0,0.0,0.0,0.0,0.0,0.0,0.0,0.0,0.0,0.0,0.0,77.0,102.0,889.0,3.0,773.0,362.0,41.0,35.21642,J.Johnson,NO,17.0,2025,106.9,183.9,0.2138364779874214,0.20874967
00-0035644,0.0,0.0,0.0,0.0,0.0,0.0,0.0,0.0,0.0,0.0,0.0,0.0,0.0,0.0,0.0,0.0,34.0,41.0,288.0,3.0,137.0,174.0,13.0,-11.783794,N.Fant,CIN,13.0,2025,46.800003,80.8,0.06710310965630115,0.030010954
00-0035249,0.0,0.0,0.0,0.0,0.0,0.0,0.0,0.0,0.0,0.0,0.0,0.0,0.0,0.0,0.0,0.0,15.0,20.0,160.0,4.0,64.0,102.0,9.0,10.533449,J.Oliver,MIN,12.0,2025,40.0,55.0,0.04415011037527594,0.017872103
00-0035891,0.0,0.0,0.0,0.0,0.0,0.0,0.0,0.0,0.0,0.0,0.0,0.0,0.0,0.0,0.0,0.0,3.0,4.0,90.0,1.0,39.0,58.0,2.0,4.84232,C.White,SEA,3.0,2025,15.0,18.0,0.006568144499178982,0.0074956757
00-0040727,0.0,0.0,0.0,0.0,0.0,0.0,0.0,0.0,0.0,0.0,0.0,2.0,10.0,0.0,0.0,-0.0119712055,32.0,46.0,344.0,1.0,433.0,149.0,20.0,16.330065,T.Harris,LAC,17.0,2025,41.4,73.4,0.08027923211169284,0.09317839
00-0040172,0.0,0.0,0.0,0.0,0.0,0.0,0.0,0.0,0.0,0.0,0.0,0.0,0.0,0.0,0.0,0.0,2.0,3.0,26.0,0.0,43.0,1.0,1.0,0.9922397,J.Watkins,SF,2.0,2025,2.6000001,4.6000004,0.004975124378109453,0.0095768375
00-0035261,0.0,0.0,0.0,0.0,0.0,0.0,0.0,0.0,0.0,0.0,0.0,242.0,1082.0,5.0,48.0,-21.694286,33.0,41.0,206.0,0.0,12.0,203.0,11.0,-11.827172,T.Pollard,TEN,17.0,2025,158.80002,191.80002,0.08055009823182711,0.003188945
00-0040154,0.0,0.0,0.0,0.0,0.0,0.0,0.0,0.0,0.0,0.0,0.0,0.0,0.0,0.0,0.0,0.0,3.0,3.0,25.0,0.0,11.0,14.0,2.0,1.3819833,T.Felton,MIN,3.0,2025,2.5,5.5,0.006622516556291391,0.0030717677
00-0036425,0.0,0.0,0.0,0.0,0.0,0.0,0.0,0.0,0.0,0.0,0.0,3.0,21.0,0.0,1.0,-0.557415,0.0,1.0,0.0,0.0,-1.0,0.0,0.0,-0.5493046,D.Dallas,JAX,2.0,2025,2.1000001,2.1000001,0.0015923566878980893,-0.00017834849
00-0022942,58.0,97.0,544.0,4.0,3.0,5.0,37.0,717.0,271.0,30.0,-11.195537,2.0,-1.0,0.0,0.0,-1.1464567,0.0,0.0,0.0,0.0,0.0,0.0,0.0,0.0,P.Rivers,IND,3.0,2025,34.660004,34.660004,0.0,0.0
00-0030061,0.0,0.0,0.0,0.0,0.0,0.0,0.0,0.0,0.0,0.0,0.0,0.0,0.0,0.0,0.0,0.0,50.0,73.0,504.0,4.0,656.0,123.0,25.0,11.710296,Z.Ertz,WAS,13.0,2025,74.4,124.4,0.167816091954023,0.17493333
00-0036429,0.0,0.0,0.0,0.0,0.0,0.0,0.0,0.0,0.0,0.0,0.0,0.0,0.0,0.0,0.0,0.0,8.0,9.0,48.0,0.0,12.0,35.0,2.0,-0.2022059,C.Woerner,ATL,6.0,2025,4.8,12.8,0.017716535433070866,0.0029232644
00-0040138,0.0,0.0,0.0,0.0,0.0,0.0,0.0,0.0,0.0,0.0,0.0,6.0,12.0,0.0,0.0,-3.0501134,26.0,37.0,292.0,2.0,373.0,99.0,13.0,13.510731,J.Noel,HOU,15.0,2025,42.4,68.4,0.058637083993660855,0.07088559
00-0036187,0.0,0.0,0.0,0.0,0.0,0.0,0.0,0.0,0.0,0.0,0.0,2.0,4.0,0.0,1.0,-0.26065856,2.0,3.0,24.0,0.0,22.0,2.0,1.0,-0.08461714,R.Gilliam,BUF,3.0,2025,2.8000002,4.8,0.00510204081632653,0.005041247
00-0036275,0.0,0.0,0.0,0.0,0.0,0.0,0.0,0.0,0.0,0.0,0.0,255.0,1217.0,10.0,66.0,12.451612,36.0,50.0,328.0,1.0,-21.0,382.0,13.0,1.3291218,D.Swift,CHI,18.0,2025,220.50002,256.5,0.08,-0.0038433382
00-0040734,0.0,0.0,0.0,0.0,0.0,0.0,0.0,0.0,0.0,0.0,0.0,210.0,987.0,9.0,46.0,-2.7495115,40.0,48.0,254.0,1.0,-14.0,285.0,8.0,-0.81536514,T.Henderson,NE,21.0,2025,184.1,224.1,0.08040201005025126,-0.0025053686
00-0039075,0.0,0.0,0.0,0.0,0.0,0.0,0.0,0.0,0.0,0.0,0.0,16.0,129.0,2.0,7.0,12.745035,153.0,208.0,2047.0,12.0,2101.0,760.0,97.0,129.69443,P.Nacua,LA,19.0,2025,301.6,454.6,0.2984218077474892,0.31708422
00-0033439,0.0,0.0,0.0,0.0,0.0,0.0,0.0,0.0,0.0,0.0,0.0,0.0,0.0,0.0,0.0,0.0,2.0,2.0,1.0,0.0,1.0,0.0,0.0,-0.88537693,P.Brown,ARI,1.0,2025,0.1,2.1,0.003205128205128205,0.00022276676
00-0040582,0.0,0.0,0.0,0.0,0.0,0.0,0.0,0.0,0.0,0.0,0.0,4.0,13.0,0.0,1.0,0.09888029,7.0,16.0,52.0,0.0,216.0,33.0,4.0,-6.3294206,A.Smith,NYJ,10.0,2025,6.5000005,13.5,0.03219315895372234,0.062033314
00-0037091,0.0,0.0,0.0,0.0,0.0,0.0,0.0,0.0,0.0,0.0,0.0,5.0,35.0,0.0,2.0,0.8476754,4.0,13.0,107.0,1.0,222.0,7.0,4.0,-2.578226,B.Melton,GB,6.0,2025,20.2,24.2,0.026,0.049388207
00-0037816,0.0,0.0,0.0,0.0,0.0,0.0,0.0,0.0,0.0,0.0,0.0,0.0,0.0,0.0,0.0,0.0,63.0,97.0,848.0,7.0,1198.0,205.0,48.0,47.62412,R.Doubs,GB,17.0,2025,126.8,189.8,0.194,0.26651835
00-0039471,0.0,0.0,0.0,0.0,0.0,0.0,0.0,0.0,0.0,0.0,0.0,0.0,0.0,0.0,0.0,0.0,1.0,1.0,6.0,0.0,3.0,3.0,0.0,0.11999802,F.Gore,BUF,1.0,2025,0.6,1.6,0.0017006802721088435,0.0006874427
00-0037745,0.0,0.0,0.0,0.0,0.0,0.0,0.0,0.0,0.0,0.0,0.0,10.0,42.0,0.0,1.0,-2.0436044,0.0,0.0,0.0,0.0,0.0,0.0,0.0,0.0,V.Jones,SEA,2.0,2025,4.2000003,4.2000003,0.0,0.0
00-0038685,0.0,0.0,0.0,0.0,0.0,0.0,0.0,0.0,0.0,0.0,0.0,28.0,122.0,0.0,6.0,-4.1598577,14.0,18.0,102.0,0.0,10.0,113.0,3.0,-1.3823056,C.Brooks,GB,11.0,2025,22.4,36.4,0.036,0.002224694
00-0035406,0.0,0.0,0.0,0.0,0.0,0.0,0.0,0.0,0.0,0.0,0.0,0.0,0.0,0.0,0.0,0.0,16.0,33.0,194.0,2.0,381.0,30.0,11.0,9.64611,L.Humphrey,DEN,9.0,2025,31.4,47.4,0.049773755656108594,0.076892026
00-0036825,0.0,0.0,0.0,0.0,0.0,0.0,0.0,0.0,0.0,0.0,0.0,2.0,4.0,0.0,2.0,1.2725043,0.0,0.0,0.0,0.0,0.0,0.0,0.0,0.0,F.Franks,ATL,2.0,2025,0.4,0.4,0.0,0.0
00-0040202,0.0,0.0,0.0,0.0,0.0,0.0,0.0,0.0,0.0,0.0,0.0,57.0,206.0,2.0,11.0,-7.868391,17.0,19.0,104.0,0.0,-38.0,138.0,4.0,-2.2274451,D.Neal,NO,8.0,2025,43.0,60.0,0.039832285115303984,-0.01026195
00-0036919,0.0,0.0,0.0,0.0,0.0,0.0,0.0,0.0,0.0,0.0,0.0,120.0,557.0,5.0,36.0,-2.0995467,77.0,91.0,512.0,3.0,-10.0,552.0,23.0,0.08081192,K.Gainwell,PIT,18.0,2025,154.9,231.9,0.1563573883161512,-0.0027100272
00-0036406,0.0,0.0,0.0,0.0,0.0,0.0,0.0,0.0,0.0,0.0,0.0,0.0,0.0,0.0,0.0,0.0,1.0,1.0,2.0,1.0,1.0,1.0,1.0,2.9882185,T.Wirfs,TB,1.0,2025,6.2,7.2,0.001834862385321101,0.00023057414
00-0036497,0.0,0.0,0.0,0.0,0.0,0.0,0.0,0.0,0.0,0.0,0.0,0.0,0.0,0.0,0.0,0.0,1.0,1.0,15.0,0.0,4.0,11.0,1.0,1.0751921,T.Jones,JAX,1.0,2025,1.5,2.5,0.0015923566878980893,0.00071339397
00-0033090,0.0,0.0,0.0,0.0,0.0,0.0,0.0,0.0,0.0,0.0,0.0,0.0,0.0,0.0,0.0,0.0,69.0,103.0,880.0,8.0,844.0,370.0,46.0,42.819077,H.Henry,NE,21.0,2025,136.0,205.0,0.17252931323283083,0.15103793
00-0039065,0.0,0.0,0.0,0.0,0.0,0.0,0.0,0.0,0.0,0.0,0.0,0.0,0.0,0.0,0.0,0.0,40.0,49.0,489.0,3.0,277.0,274.0,23.0,36.42784,S.LaPorta,DET,9.0,2025,66.9,106.9,0.0890909090909091,0.075415194
00-0037614,0.0,0.0,0.0,0.0,0.0,0.0,0.0,0.0,0.0,0.0,0.0,3.0,-5.0,0.0,0.0,-3.031567,33.0,48.0,274.0,2.0,268.0,140.0,15.0,-2.3385506,J.Metchie,NYJ,12.0,2025,38.9,71.9,0.096579476861167,0.07696726
00-0037005,0.0,0.0,0.0,0.0,0.0,0.0,0.0,0.0,0.0,0.0,0.0,0.0,0.0,0.0,0.0,0.0,30.0,40.0,271.0,2.0,171.0,178.0,11.0,8.818942,T.Tremble,CAR,16.0,2025,39.1,69.1,0.07707129094412331,0.04759254
00-0032764,0.0,1.0,0.0,0.0,0.0,0.0,0.0,10.0,0.0,0.0,-0.4591186,307.0,1595.0,16.0,79.0,9.166174,15.0,21.0,150.0,0.0,12.0,135.0,4.0,-2.8757534,D.Henry,BAL,17.0,2025,270.5,285.5,0.051597051597051594,0.0035587188
00-0031610,0.0,0.0,0.0,0.0,0.0,0.0,0.0,0.0,0.0,0.0,0.0,1.0,4.0,0.0,1.0,0.36744586,24.0,35.0,283.0,6.0,359.0,73.0,19.0,28.266235,D.Waller,MIA,8.0,2025,64.7,88.7,0.07526881720430108,0.10878788
00-0033891,0.0,0.0,0.0,0.0,0.0,0.0,0.0,0.0,0.0,0.0,0.0,0.0,0.0,0.0,0.0,0.0,12.0,18.0,183.0,0.0,241.0,36.0,7.0,5.6025214,Z.Jones,ARI,6.0,2025,18.300001,30.300001,0.028846153846153848,0.05368679
00-0040429,0.0,0.0,0.0,0.0,0.0,0.0,0.0,0.0,0.0,0.0,0.0,4.0,11.0,0.0,0.0,-1.8560135,0.0,0.0,0.0,0.0,0.0,0.0,0.0,0.0,J.Williams,TB,1.0,2025,1.1,1.1,0.0,0.0
00-0038935,0.0,0.0,0.0,0.0,0.0,0.0,0.0,0.0,0.0,0.0,0.0,0.0,0.0,0.0,0.0,0.0,48.0,65.0,549.0,3.0,468.0,254.0,28.0,29.657911,B.Strange,JAX,13.0,2025,72.9,120.9,0.1035031847133758,0.083467096
00-0040078,0.0,0.0,0.0,0.0,0.0,0.0,0.0,0.0,0.0,0.0,0.0,44.0,151.0,0.0,5.0,-9.744163,25.0,35.0,172.0,1.0,-56.0,232.0,7.0,-0.61700326,B.Smith,KC,12.0,2025,38.300003,63.300003,0.06329113924050633,-0.013041453
